avg_stress_30d,high_stress_days,avg_workload,mood_score,overtime_hours,days_without_break,burnout_risk
6.38,17,5.51,33.7,0.0,8,Medium
5.88,20,11.84,37.9,76.8,11,High
4.54,11,6.56,62.8,0.0,19,Medium
7.73,21,5.8,31.1,0.0,5,Medium
4.41,10,6.95,58.9,0.0,5,Low
5.41,16,7.5,51.9,0.0,13,Medium
7.2,25,9.21,34.1,24.1,20,High
8.46,28,5.12,19.9,0.0,3,High
5.79,14,6.6,44.7,0.0,7,Medium
4.75,13,10.94,61.8,58.7,0,Medium
5.57,17,8.98,53.0,19.6,15,Medium
5.88,14,9.01,33.8,20.2,3,Medium
5.18,13,6.94,43.4,0.0,2,Medium
3.88,7,8.26,61.9,5.2,19,Medium
7.08,23,7.5,19.7,0.0,13,High
8.16,22,6.26,20.8,0.0,9,High
5.29,15,5.18,42.5,0.0,8,Medium
4.15,12,5.03,58.9,0.0,0,Low
6.44,20,10.58,25.8,51.7,11,High
7.1,18,10.76,30.4,55.2,2,High
3.73,9,9.79,62.6,35.7,19,Medium
7.2,23,5.51,23.3,0.0,13,High
3.73,14,9.49,69.4,29.9,19,Medium
6.2,16,10.13,36.4,42.7,17,High
8.91,23,10.66,20.4,53.2,18,High
5.59,12,5.35,36.9,0.0,0,Medium
5.01,13,5.26,47.1,0.0,16,Medium
6.19,17,10.44,47.0,48.8,18,High
7.78,20,6.11,28.1,0.0,2,Medium
6.48,21,9.24,30.1,24.8,18,High
6.08,18,11.05,31.4,61.1,15,High
7.3,16,10.27,23.6,45.4,10,High
6.51,18,9.23,35.8,24.7,2,Medium
6.48,23,10.92,31.9,58.5,18,High
7.5,19,11.43,24.9,68.6,15,High
7.51,22,6.3,20.9,0.0,11,High
5.55,13,10.9,35.7,58.1,14,Medium
6.81,19,5.17,37.8,0.0,13,Medium
3.71,15,7.42,68.5,0.0,8,Low
8.31,19,7.89,21.5,0.0,8,High
6.41,19,9.63,27.0,32.6,4,Medium
4.82,10,7.93,50.8,0.0,18,Medium
8.1,27,7.52,22.7,0.0,1,High
8.78,25,5.39,12.6,0.0,15,High
8.85,25,7.03,9.2,0.0,12,High
8.8,21,10.88,20.6,57.5,17,High
3.12,4,11.27,61.2,65.4,19,Medium
5.73,19,6.38,41.1,0.0,2,Medium
7.13,20,10.82,33.1,56.5,19,High
6.55,18,11.61,31.7,72.2,10,High
7.03,22,6.63,39.6,0.0,14,High
8.22,19,6.89,8.3,0.0,6,High
3.1,7,6.63,63.6,0.0,10,Low
6.05,17,9.78,43.8,35.6,18,High
3.7,10,11.26,69.1,65.1,13,Medium
7.35,18,5.94,33.6,0.0,9,Medium
7.08,24,11.59,29.3,71.7,8,High
6.23,18,8.2,42.6,4.0,9,Medium
7.43,20,5.7,28.0,0.0,7,Medium
4.42,10,6.64,55.6,0.0,7,Low
5.89,14,6.8,44.4,0.0,14,Medium
6.76,19,5.41,24.5,0.0,3,Medium
5.46,15,6.7,40.7,0.0,15,Medium
6.04,21,9.79,34.0,35.8,1,Medium
4.34,14,5.19,47.4,0.0,16,Medium
8.66,29,9.76,14.5,35.2,11,High
3.28,5,7.61,63.3,0.0,11,Low
5.88,16,5.5,47.8,0.0,16,Medium
3.25,9,6.32,75.7,0.0,7,Low
7.56,25,11.9,21.9,78.0,13,High
8.19,19,8.89,27.5,17.9,5,High
4.13,7,11.23,50.4,64.6,2,Medium
3.94,14,8.62,66.4,12.3,11,Medium
4.99,13,9.96,41.3,39.1,14,Medium
7.21,16,10.57,31.3,51.4,20,High
8.34,28,8.57,16.7,11.3,16,High
4.32,11,9.91,53.1,38.1,18,Medium
4.66,9,6.45,58.8,0.0,20,Medium
3.91,9,7.08,68.3,0.0,1,Low
5.52,18,10.89,41.3,57.8,20,High
6.67,23,9.41,38.7,28.2,10,High
5.78,12,8.66,50.7,13.3,8,Medium
7.8,24,6.87,17.5,0.0,17,High
8.8,28,5.13,14.1,0.0,3,High
4.34,12,11.27,61.6,65.4,1,Medium
6.59,20,9.17,41.0,23.4,13,High
4.94,16,9.87,56.6,37.4,3,Medium
3.2,10,6.48,67.5,0.0,1,Low
5.25,11,7.95,40.0,0.0,17,Medium
7.76,23,10.89,21.4,57.7,15,High
4.1,14,5.38,66.2,0.0,13,Low
8.43,20,9.93,18.6,38.6,7,High
3.91,13,9.44,66.1,28.8,20,Medium
6.9,23,6.07,31.6,0.0,0,Medium
6.13,17,6.31,38.1,0.0,8,Medium
7.66,22,10.41,31.5,48.1,1,High
5.24,13,8.98,41.6,19.7,10,Medium
5.43,17,7.88,52.8,0.0,10,Medium
6.88,21,6.74,40.9,0.0,11,Medium
4.57,14,6.11,54.1,0.0,18,Medium
3.58,9,8.24,73.4,4.8,18,Low
8.78,26,8.14,11.5,2.7,8,High
7.18,18,9.48,29.3,29.6,8,High
5.31,11,8.02,55.0,0.4,2,Medium
4.72,9,11.96,47.7,79.1,18,Medium
8.24,28,9.64,9.9,32.8,10,High
8.12,20,9.77,14.2,35.3,5,High
8.36,26,9.02,19.4,20.5,5,High
3.43,13,8.52,61.2,10.3,12,Medium
5.28,10,9.61,51.8,32.2,17,Medium
5.75,18,10.94,36.6,58.7,2,Medium
7.99,21,11.3,22.8,66.1,6,High
5.65,14,10.42,52.1,48.5,17,Medium
3.9,9,7.97,59.0,0.0,8,Low
4.33,13,10.86,64.1,57.3,10,Medium
3.64,10,11.02,66.8,60.4,3,Low
8.14,25,9.06,22.6,21.2,13,High
3.64,9,9.02,60.5,20.4,19,Medium
4.88,17,6.82,42.8,0.0,1,Medium
4.29,8,9.85,63.6,37.0,16,Medium
8.63,20,9.57,11.3,31.3,16,High
3.67,9,11.8,57.3,76.1,6,Medium
5.69,14,10.5,46.5,50.0,3,Medium
6.09,15,6.11,44.6,0.0,18,Medium
4.27,7,7.45,49.6,0.0,8,Low
3.21,13,11.3,73.6,66.0,2,Low
6.76,20,7.04,26.9,0.0,15,High
5.31,19,9.64,53.5,32.7,2,Medium
8.22,28,6.0,26.5,0.0,16,High
3.51,6,8.42,64.9,8.4,19,Low
7.09,21,11.24,28.4,64.7,2,High
8.22,25,5.03,14.4,0.0,13,High
3.82,8,11.53,62.8,70.6,18,Medium
6.94,17,7.61,24.5,0.0,5,Medium
5.11,19,6.78,58.4,0.0,20,Medium
3.46,7,8.59,70.5,11.8,13,Low
8.83,26,6.66,20.4,0.0,11,High
8.88,29,8.26,2.7,5.1,2,High
8.13,23,7.5,21.9,0.0,12,High
4.73,18,11.78,52.6,75.5,4,Medium
6.54,23,9.76,24.9,35.3,6,High
7.66,22,11.27,32.5,65.4,5,High
8.91,27,7.91,10.4,0.0,13,High
4.94,15,10.35,50.3,47.0,4,Medium
4.79,9,7.49,45.7,0.0,12,Medium
4.22,8,9.29,56.9,25.9,5,Low
6.06,14,8.79,40.5,15.8,13,Medium
7.72,23,6.14,14.2,0.0,12,High
8.18,26,6.22,10.4,0.0,4,High
8.97,22,10.46,10.6,49.3,6,High
4.57,10,11.77,51.9,75.4,6,Medium
5.7,13,5.61,38.4,0.0,14,Medium
3.29,7,10.81,72.9,56.2,14,Low
3.86,12,8.51,64.8,10.3,4,Low
4.34,16,8.63,46.6,12.6,7,Medium
3.77,7,7.1,53.9,0.0,6,Low
4.31,13,5.41,50.7,0.0,1,Low
3.1,10,11.44,72.8,68.7,14,Medium
6.81,21,10.67,31.4,53.5,4,High
5.12,16,7.99,56.4,0.0,18,Medium
5.78,14,10.76,51.3,55.2,16,Medium
7.2,16,11.24,36.3,64.8,1,Medium
6.81,22,10.54,39.8,50.9,2,High
5.4,19,6.53,45.2,0.0,16,Medium
7.34,23,6.41,16.8,0.0,13,High
6.18,14,5.29,46.7,0.0,18,Medium
5.23,17,6.7,52.3,0.0,15,Medium
7.57,22,11.16,32.6,63.2,15,High
3.16,12,7.5,76.1,0.0,7,Low
5.64,12,5.08,52.8,0.0,6,Medium
3.06,6,10.18,67.7,43.6,7,Low
7.2,22,6.65,20.6,0.0,1,Medium
5.83,21,11.98,36.2,79.6,8,High
4.92,15,5.45,60.3,0.0,15,Medium
8.36,28,6.22,7.4,0.0,11,High
7.91,25,11.43,30.1,68.6,7,High
3.3,5,5.61,74.5,0.0,9,Low
7.89,24,11.22,24.8,64.4,5,High
3.67,11,9.73,59.1,34.5,0,Low
3.8,9,9.78,62.2,35.7,15,Medium
5.65,15,6.39,50.3,0.0,20,Medium
8.99,23,6.75,1.1,0.0,8,High
6.94,18,5.68,38.3,0.0,4,Medium
3.83,6,10.71,60.0,54.2,19,Medium
8.43,21,9.11,13.9,22.2,13,High
4.12,15,11.44,59.1,68.7,1,Medium
5.5,12,6.24,45.3,0.0,11,Medium
4.4,10,10.47,65.4,49.3,4,Medium
5.52,12,5.89,45.3,0.0,0,Low
8.67,30,6.75,4.8,0.0,16,High
3.9,13,7.33,63.6,0.0,10,Low
8.75,23,8.81,13.3,16.3,14,High
4.61,8,5.56,45.5,0.0,1,Low
7.46,26,7.98,32.8,0.0,14,High
4.79,10,9.53,43.9,30.6,18,Medium
8.54,22,11.72,15.7,74.5,4,High
4.43,17,9.92,62.8,38.5,14,Medium
6.27,22,7.19,45.3,0.0,18,High
8.25,23,10.84,20.3,56.8,0,High
7.84,27,8.74,16.2,14.8,13,High
4.58,12,6.9,46.6,0.0,13,Medium
4.12,10,7.72,65.6,0.0,4,Low
3.52,7,10.64,68.1,52.8,17,Medium
3.78,10,11.19,54.8,63.8,0,Medium
4.87,10,9.02,54.9,20.5,9,Medium
7.07,25,11.14,21.8,62.7,7,High
5.54,16,5.79,36.0,0.0,16,Medium
5.5,19,8.8,54.0,16.1,18,Medium
4.63,12,11.62,52.5,72.4,18,Medium
5.86,13,8.89,33.2,17.7,16,Medium
4.87,9,9.57,43.9,31.5,5,Medium
4.31,13,9.36,60.6,27.2,12,Medium
4.93,11,9.28,51.0,25.7,14,Medium
8.69,26,11.9,4.9,78.0,7,High
3.54,9,7.21,66.7,0.0,14,Low
5.64,17,9.12,53.0,22.3,2,Medium
7.95,23,11.34,26.7,66.7,12,High
8.59,24,7.2,6.1,0.0,19,High
8.79,29,5.21,11.2,0.0,15,High
5.98,12,9.14,31.3,22.9,20,Medium
8.95,28,11.49,6.3,69.8,13,High
4.33,7,8.81,51.7,16.3,11,Medium
3.4,11,7.12,72.1,0.0,1,Low
3.5,12,8.06,68.6,1.1,2,Low
8.36,28,11.9,12.5,78.0,2,High
8.83,30,11.37,17.3,67.4,0,High
6.32,18,8.68,38.8,13.6,18,High
4.59,8,7.17,56.5,0.0,19,Medium
3.88,11,6.07,61.4,0.0,8,Low
5.27,18,7.58,43.9,0.0,16,Medium
7.61,26,9.29,22.7,25.8,10,High
6.03,22,6.69,41.7,0.0,14,Medium
7.16,24,6.89,25.0,0.0,10,High
6.34,16,11.21,46.3,64.2,14,High
7.96,21,9.84,16.5,36.8,10,High
8.8,23,9.3,16.8,25.9,19,High
7.83,20,8.97,29.9,19.5,15,High
4.46,17,6.78,57.2,0.0,5,Medium
7.43,22,7.82,17.9,0.0,7,High
3.71,12,11.04,66.3,60.7,10,Medium
3.76,6,9.18,60.0,23.7,11,Low
5.95,19,9.76,48.1,35.2,8,Medium
5.89,21,9.41,48.0,28.2,16,High
4.95,10,8.64,42.0,12.8,9,Medium
8.67,29,9.56,5.6,31.1,9,High
3.24,8,8.17,72.9,3.5,2,Low
3.41,11,7.11,60.4,0.0,12,Low
5.75,18,7.97,47.0,0.0,18,Medium
5.58,14,8.89,51.7,17.8,7,Medium
8.33,27,11.89,9.6,77.9,3,High
7.49,17,11.15,23.4,62.9,4,High
5.16,12,5.07,40.3,0.0,20,Medium
6.61,14,11.31,29.0,66.2,10,High
8.73,24,9.87,14.9,37.4,11,High
5.16,18,10.08,50.0,41.5,16,Medium
8.68,24,11.3,12.0,66.1,16,High
8.68,23,7.26,18.8,0.0,14,High
7.85,22,7.5,18.2,0.0,6,High
7.62,25,8.13,28.9,2.6,1,High
8.57,23,7.13,19.0,0.0,2,High
4.98,13,10.66,46.3,53.2,18,Medium
5.85,16,9.46,36.5,29.2,13,Medium
4.26,11,5.95,65.1,0.0,1,Low
6.86,21,8.29,26.7,5.8,7,High
4.14,11,6.89,50.7,0.0,18,Medium
5.34,11,5.64,56.0,0.0,5,Low
8.86,23,7.16,11.3,0.0,6,High
5.89,19,7.62,33.4,0.0,1,Medium
6.42,19,11.59,34.5,71.8,11,High
4.76,16,5.2,54.0,0.0,2,Low
5.66,13,6.77,41.8,0.0,1,Medium
3.52,11,5.07,69.9,0.0,10,Low
6.92,21,9.53,32.5,30.5,7,High
7.72,22,8.15,20.9,3.1,20,High
3.89,11,5.33,62.5,0.0,15,Low
6.05,19,6.41,45.7,0.0,2,Medium
3.36,10,7.87,60.0,0.0,10,Low
6.27,17,10.3,37.6,46.1,8,Medium
5.13,16,6.86,52.0,0.0,20,Medium
4.28,13,5.09,47.8,0.0,3,Low
8.36,25,6.58,15.6,0.0,5,High
5.96,20,10.07,37.3,41.3,15,High
3.19,13,5.31,71.6,0.0,14,Low
4.15,13,11.38,65.2,67.6,1,Medium
8.18,22,10.1,10.4,41.9,19,High
4.97,9,10.44,45.2,48.8,1,Medium
7.06,20,11.96,25.4,79.3,20,High
8.08,21,9.53,23.3,30.5,2,High
5.58,17,9.95,53.4,39.0,15,Medium
6.34,23,6.68,43.7,0.0,13,Medium
3.81,12,8.83,67.1,16.5,13,Medium
5.9,18,9.28,38.4,25.5,18,High
6.14,18,10.15,40.6,43.0,17,High
6.24,17,11.23,38.8,64.7,1,Medium
7.78,22,10.79,31.1,55.8,1,High
4.68,15,6.16,44.0,0.0,12,Medium
5.15,17,7.02,40.5,0.0,16,Medium
4.07,9,5.3,68.1,0.0,6,Low
8.7,28,6.23,3.6,0.0,2,High
3.06,5,11.86,77.3,77.2,9,Low
6.32,13,10.77,36.1,55.4,0,Medium
6.49,15,8.81,30.6,16.1,2,Medium
7.7,27,7.19,13.9,0.0,20,High
6.85,22,10.26,31.6,45.2,13,High
5.32,13,8.75,40.6,15.0,14,Medium
6.8,19,9.68,32.5,33.5,10,High
6.11,16,11.7,29.7,74.0,12,High
6.53,16,7.49,36.3,0.0,8,Medium
6.66,17,5.63,23.7,0.0,17,Medium
4.6,8,7.64,63.9,0.0,14,Medium
4.12,14,8.44,53.5,8.9,20,Medium
4.11,14,7.27,50.2,0.0,11,Medium
4.26,16,6.56,57.4,0.0,10,Medium
7.17,24,11.27,35.0,65.5,3,High
7.16,16,8.43,35.0,8.6,4,Medium
6.95,18,10.7,21.5,54.1,3,High
8.55,29,10.34,22.0,46.8,18,High
5.53,12,11.57,44.3,71.4,17,Medium
7.88,23,8.01,14.2,0.3,8,High
5.47,11,8.59,38.2,11.7,5,Medium
7.53,19,11.17,22.4,63.4,1,High
3.9,11,7.74,58.1,0.0,12,Medium
3.9,11,5.21,60.0,0.0,15,Low
4.62,12,5.2,59.2,0.0,12,Low
8.1,28,10.27,15.7,45.3,17,High
4.28,14,10.17,62.9,43.5,15,Medium
5.82,15,5.95,48.1,0.0,2,Medium
5.96,19,10.33,37.5,46.6,18,High
7.31,18,8.22,19.2,4.5,12,High
8.43,29,11.94,9.0,78.9,18,High
4.56,16,11.62,55.3,72.4,7,Medium
6.57,20,11.61,40.6,72.3,5,High
4.17,16,6.33,63.7,0.0,17,Medium
6.5,23,9.57,30.2,31.5,6,High
8.44,28,7.13,23.0,0.0,0,High
7.49,23,6.31,27.1,0.0,0,Medium
6.4,19,7.03,28.3,0.0,15,Medium
8.17,25,10.93,17.5,58.7,10,High
7.46,19,9.79,24.0,35.9,9,High
6.87,17,6.09,37.2,0.0,13,Medium
3.28,10,9.88,59.1,37.6,17,Medium
6.11,19,10.84,44.5,56.9,18,High
6.96,24,5.83,25.8,0.0,14,High
4.67,18,9.44,63.0,28.8,17,Medium
8.81,26,8.49,5.2,9.8,20,High
6.51,15,11.77,25.0,75.5,3,Medium
4.08,15,8.18,67.2,3.6,16,Medium
5.83,18,11.56,42.4,71.1,5,Medium
8.73,24,8.21,20.2,4.2,11,High
6.16,14,5.66,29.0,0.0,8,Medium
5.4,17,7.62,41.7,0.0,10,Medium
8.57,25,6.77,11.4,0.0,3,High
8.37,24,6.74,25.9,0.0,3,High
7.7,23,10.45,28.0,48.9,9,High
4.4,11,5.75,50.8,0.0,7,Low
4.25,16,6.3,49.0,0.0,6,Medium
5.68,13,8.99,33.3,19.9,10,Medium
8.03,22,6.73,11.2,0.0,12,High
6.36,19,5.68,28.2,0.0,13,Medium
6.24,21,7.33,38.6,0.0,0,Medium
8.56,22,8.29,15.1,5.8,12,High
8.12,20,10.94,25.0,58.8,16,High
4.68,13,5.12,54.1,0.0,16,Medium
4.54,11,10.7,59.5,54.0,6,Medium
5.0,12,6.1,58.1,0.0,7,Low
8.82,25,9.5,11.5,30.1,0,High
4.11,9,6.25,52.8,0.0,19,Medium
4.46,12,5.72,62.3,0.0,12,Low
8.43,24,9.92,11.5,38.5,12,High
8.47,29,8.35,23.9,7.1,12,High
3.06,10,10.36,70.0,47.1,10,Low
3.57,7,10.5,65.1,50.0,19,Medium
6.06,14,8.06,45.8,1.1,9,Medium
4.7,14,10.8,61.7,56.0,12,Medium
6.54,20,6.68,41.2,0.0,4,Medium
5.58,16,7.01,51.1,0.0,1,Medium
5.67,14,10.49,33.8,49.8,18,Medium
8.74,26,11.63,12.2,72.6,17,High
4.57,14,9.27,57.8,25.3,10,Medium
8.14,26,10.97,27.0,59.3,15,High
3.08,13,11.63,66.3,72.6,1,Low
6.57,18,7.44,25.3,0.0,2,Medium
8.42,24,8.82,16.0,16.3,16,High
6.35,23,8.04,29.9,0.9,10,High
3.33,4,11.31,64.3,66.2,19,Medium
4.59,16,7.81,44.6,0.0,6,Medium
4.31,10,8.83,60.0,16.5,8,Medium
8.17,20,9.76,17.8,35.1,9,High
6.13,20,11.08,34.3,61.6,2,Medium
4.08,10,7.65,68.2,0.0,3,Low
4.6,13,11.3,60.0,65.9,10,Medium
3.59,11,6.49,64.0,0.0,11,Low
4.19,11,7.85,64.8,0.0,4,Low
3.24,5,5.73,73.4,0.0,19,Low
4.64,16,5.68,53.8,0.0,2,Low
7.76,25,8.54,14.3,10.8,6,High
3.17,7,9.57,66.2,31.5,3,Low
3.21,6,6.68,59.2,0.0,2,Low
6.38,22,9.13,36.3,22.6,18,High
8.39,24,5.48,18.1,0.0,20,High
7.19,20,6.34,28.2,0.0,4,Medium
6.31,18,5.88,31.5,0.0,4,Medium
3.44,5,7.02,74.0,0.0,15,Low
6.4,14,6.23,31.1,0.0,5,Medium
6.32,14,11.15,31.1,63.0,4,Medium
3.58,6,8.34,65.1,6.8,12,Low
7.0,17,6.17,37.6,0.0,3,Medium
3.26,9,6.76,72.1,0.0,10,Low
6.34,16,5.97,28.3,0.0,19,Medium
7.81,21,7.49,20.5,0.0,19,High
3.48,12,7.95,67.4,0.0,9,Low
3.32,5,8.18,70.1,3.5,9,Low
3.12,10,9.9,61.9,38.0,17,Medium
5.34,11,9.5,41.9,29.9,8,Medium
3.52,7,10.33,59.2,46.6,17,Medium
7.02,22,5.83,29.9,0.0,10,Medium
6.92,18,5.25,28.3,0.0,16,Medium
5.5,11,11.24,38.5,64.8,12,Medium
6.0,18,10.94,44.4,58.7,9,Medium
7.01,20,10.4,37.6,48.1,13,High
6.51,18,7.89,43.7,0.0,3,Medium
5.32,12,10.52,47.3,50.3,5,Medium
6.66,15,9.67,28.5,33.4,5,Medium
8.65,26,10.44,13.6,48.8,0,High
5.35,13,6.38,42.2,0.0,14,Medium
5.21,13,10.93,41.4,58.6,15,Medium
5.8,16,10.45,50.6,49.0,2,Medium
3.46,5,11.5,68.9,70.1,0,Low
8.98,25,10.81,14.1,56.1,3,High
6.99,24,8.27,39.5,5.4,14,High
6.67,19,5.5,34.9,0.0,1,Medium
6.22,20,11.62,43.7,72.4,12,High
6.82,22,11.52,39.2,70.4,9,High
6.83,22,7.64,31.6,0.0,16,High
8.12,27,11.78,22.0,75.7,3,High
5.24,19,9.72,57.6,34.4,1,Medium
6.11,13,11.11,30.0,62.1,4,Medium
6.98,19,9.18,35.7,23.7,15,High
6.83,24,11.46,23.8,69.2,20,High
4.93,14,5.71,46.2,0.0,7,Medium
8.76,21,7.79,7.1,0.0,6,High
7.08,20,5.9,30.9,0.0,10,Medium
8.93,28,6.47,7.2,0.0,6,High
8.97,29,6.89,1.8,0.0,19,High
5.72,12,11.67,33.7,73.5,12,Medium
8.18,25,7.08,15.6,0.0,7,High
4.64,8,7.41,46.9,0.0,17,Medium
6.59,15,7.13,40.8,0.0,17,Medium
5.38,12,10.54,39.5,50.8,3,Medium
4.07,7,5.29,54.0,0.0,7,Low
6.07,13,9.29,45.7,25.7,2,Medium
3.63,13,5.07,67.7,0.0,18,Low
7.17,18,10.18,21.9,43.6,2,High
8.13,28,5.61,22.9,0.0,18,High
8.99,28,11.04,20.0,60.7,9,High
6.02,22,6.23,40.1,0.0,2,Medium
3.31,8,7.34,57.1,0.0,9,Low
3.16,8,5.73,64.0,0.0,2,Low
3.86,6,5.85,65.2,0.0,15,Low
4.24,12,6.5,57.8,0.0,14,Medium
6.13,19,11.65,42.2,73.0,10,High
7.25,24,7.62,30.6,0.0,9,High
5.95,16,5.69,46.1,0.0,16,Medium
8.65,28,10.34,7.1,46.7,14,High
5.69,12,5.62,46.2,0.0,3,Medium
5.67,20,9.34,51.4,26.8,14,Medium
5.16,18,11.47,53.0,69.4,12,Medium
7.23,20,10.83,26.7,56.7,4,High
8.19,20,10.95,17.4,59.0,1,High
6.56,18,8.23,43.3,4.6,10,Medium
6.91,15,7.18,28.3,0.0,18,Medium
8.61,21,5.61,10.8,0.0,3,High
6.88,24,11.78,41.1,75.6,7,High
4.63,14,7.84,54.2,0.0,12,Medium
6.3,21,11.15,40.5,63.0,8,High
6.14,13,9.96,33.5,39.2,18,Medium
6.55,14,8.45,36.8,9.1,14,Medium
4.31,16,9.79,61.4,35.8,18,Medium
5.46,20,11.02,50.3,60.5,20,High
6.13,18,6.87,40.6,0.0,3,Medium
8.52,21,9.52,7.2,30.3,19,High
8.12,23,10.61,19.1,52.1,7,High
8.65,28,6.24,15.7,0.0,18,High
4.79,16,7.27,58.2,0.0,11,Medium
5.99,13,11.19,48.6,63.8,3,Medium
8.86,25,6.77,18.8,0.0,8,High
3.27,12,11.18,64.2,63.7,5,Medium
6.86,20,7.47,24.9,0.0,1,Medium
8.3,25,11.02,8.1,60.4,6,High
8.37,29,5.1,20.0,0.0,12,High
4.58,16,5.61,60.5,0.0,16,Medium
6.66,14,9.58,32.8,31.7,1,Medium
4.81,12,5.88,44.9,0.0,8,Medium
3.1,11,9.13,73.1,22.6,7,Low
4.96,14,9.33,50.0,26.6,5,Medium
4.28,9,6.62,56.4,0.0,13,Low
7.73,25,6.25,32.6,0.0,1,High
7.3,25,11.37,30.1,67.3,1,High
5.39,15,5.29,52.4,0.0,7,Medium
5.39,11,8.91,40.6,18.2,12,Medium
3.71,14,5.84,57.0,0.0,4,Low
8.95,29,5.79,8.7,0.0,0,High
8.98,21,7.13,8.3,0.0,2,High
6.82,19,7.57,30.6,0.0,16,High
7.84,24,6.28,14.7,0.0,4,High
4.0,9,7.4,69.2,0.0,6,Low
7.93,26,6.85,21.8,0.0,5,High
4.66,11,6.72,56.4,0.0,12,Medium
3.96,11,9.89,63.8,37.9,5,Medium
6.49,23,11.28,32.3,65.6,20,High
7.83,21,6.52,27.6,0.0,15,High
3.77,14,9.58,65.6,31.6,12,Medium
4.67,9,6.45,53.7,0.0,13,Medium
7.43,17,10.67,17.2,53.3,0,High
8.04,19,6.64,25.4,0.0,2,Medium
3.13,12,11.64,58.9,72.8,10,Medium
6.32,20,7.75,38.7,0.0,20,High
7.39,23,5.45,17.9,0.0,10,High
6.35,20,7.06,30.1,0.0,18,High
4.46,9,6.25,60.0,0.0,12,Low
3.8,7,10.71,68.0,54.2,20,Medium
7.03,25,5.17,31.8,0.0,13,High
8.59,23,8.35,7.2,7.0,14,High
5.66,19,9.12,38.5,22.4,11,Medium
5.5,19,6.57,50.1,0.0,10,Medium
3.35,6,5.55,65.1,0.0,9,Low
4.65,12,8.44,62.9,8.8,0,Low
3.14,11,7.18,62.9,0.0,7,Low
7.42,18,5.27,21.5,0.0,4,Medium
4.07,11,10.65,54.6,52.9,18,Medium
4.95,10,6.66,47.8,0.0,16,Medium
3.23,6,11.53,58.3,70.6,2,Low
3.7,15,9.43,61.1,28.6,14,Medium
7.39,24,5.85,22.9,0.0,8,High
5.59,13,10.3,34.1,46.1,9,Medium
8.63,29,11.36,13.1,67.3,4,High
6.28,15,11.08,28.9,61.7,3,Medium
7.8,24,6.02,22.9,0.0,19,High
3.03,9,8.25,69.0,5.0,9,Low
5.7,14,6.5,43.9,0.0,9,Medium
8.38,22,11.55,19.0,71.1,20,High
8.09,22,5.85,10.8,0.0,8,High
7.84,21,5.54,29.3,0.0,7,Medium
4.98,11,5.32,42.9,0.0,11,Medium
7.74,18,9.57,31.7,31.4,12,High
5.86,19,6.33,40.4,0.0,7,Medium
4.51,10,6.39,55.9,0.0,1,Low
6.33,15,10.27,34.2,45.5,1,Medium
8.06,27,11.29,28.1,65.9,11,High
7.14,17,5.05,22.3,0.0,1,Medium
7.61,19,5.49,19.4,0.0,5,Medium
8.66,23,8.98,18.0,19.7,10,High
3.31,4,11.31,59.4,66.2,10,Low
7.96,24,7.97,16.2,0.0,11,High
5.78,16,5.33,39.6,0.0,18,Medium
6.25,18,10.86,37.1,57.1,20,High
8.36,29,7.97,17.6,0.0,17,High
3.27,12,9.42,64.0,28.3,8,Low
6.51,19,5.51,30.4,0.0,3,Medium
6.05,19,5.25,45.6,0.0,4,Medium
6.8,15,9.86,37.8,37.3,0,Medium
7.64,22,9.6,31.2,31.9,17,High
4.78,10,6.52,43.8,0.0,14,Medium
5.48,11,7.21,49.4,0.0,10,Medium
5.58,20,11.19,44.1,63.8,5,Medium
6.64,16,5.06,40.5,0.0,8,Medium
8.45,27,10.06,20.5,41.2,16,High
4.75,17,6.4,57.9,0.0,12,Medium
3.01,10,6.78,73.0,0.0,20,Low
3.91,14,10.32,60.0,46.4,8,Medium
5.8,17,11.07,43.0,61.3,2,Medium
5.29,14,6.38,56.4,0.0,18,Medium
5.34,15,8.56,48.4,11.1,7,Medium
5.32,17,5.84,48.5,0.0,5,Medium
4.23,15,7.11,59.8,0.0,7,Medium
6.02,21,6.07,37.2,0.0,11,Medium
7.28,23,7.04,19.1,0.0,14,High
5.66,12,8.95,37.0,19.1,20,Medium
7.99,21,9.24,28.7,24.8,7,High
3.99,15,8.69,69.6,13.8,15,Medium
5.2,17,5.91,54.3,0.0,18,Medium
4.31,10,9.6,62.4,32.0,12,Medium
4.31,11,11.48,57.0,69.6,16,Medium
4.19,13,9.77,63.5,35.5,8,Medium
6.06,18,8.7,32.4,13.9,6,Medium
8.94,24,6.84,5.4,0.0,10,High
8.72,24,5.4,9.5,0.0,9,High
5.86,18,5.72,37.6,0.0,7,Medium
8.52,26,6.92,8.1,0.0,3,High
4.51,16,5.94,61.6,0.0,18,Medium
7.82,20,9.68,14.4,33.5,6,High
4.48,11,8.94,49.2,18.8,12,Medium
5.48,11,5.22,54.5,0.0,15,Medium
4.15,13,7.26,55.5,0.0,16,Medium
3.54,11,11.09,61.0,61.8,10,Medium
3.74,11,7.8,72.4,0.0,0,Low
8.23,22,7.24,15.7,0.0,5,High
3.67,11,11.11,72.4,62.2,2,Low
6.47,14,6.37,37.0,0.0,6,Medium
7.26,24,5.75,24.5,0.0,8,High
7.38,22,6.99,21.0,0.0,20,High
7.08,21,10.7,35.3,54.0,16,High
3.24,13,10.57,66.5,51.5,2,Low
7.94,23,11.96,30.1,79.2,11,High
8.2,25,11.61,23.7,72.1,14,High
4.28,11,10.5,54.2,49.9,13,Medium
8.14,26,5.07,22.7,0.0,12,High
3.54,7,6.38,65.1,0.0,0,Low
5.32,16,5.93,52.0,0.0,17,Medium
4.58,16,10.58,64.2,51.6,3,Medium
3.48,7,5.51,56.9,0.0,1,Low
3.16,7,9.4,59.2,28.0,20,Medium
7.23,16,10.5,19.3,49.9,20,High
8.49,20,5.78,9.4,0.0,11,High
5.85,14,9.38,40.4,27.6,2,Medium
8.99,29,10.1,18.3,42.0,18,High
4.98,11,5.31,59.3,0.0,2,Low
3.51,14,7.96,54.9,0.0,6,Medium
8.61,28,5.69,6.6,0.0,7,High
4.93,13,9.26,43.6,25.2,14,Medium
7.52,17,5.47,17.3,0.0,5,Medium
3.63,5,8.17,57.7,3.4,20,Low
8.08,24,11.82,26.9,76.4,15,High
6.36,17,9.25,42.5,25.1,12,Medium
6.68,24,5.97,27.9,0.0,0,Medium
3.12,13,6.98,73.3,0.0,7,Low
4.25,14,10.84,63.3,56.7,8,Medium
6.88,15,11.64,36.7,72.8,8,High
7.94,21,6.26,10.8,0.0,1,High
7.0,22,5.58,32.5,0.0,1,Medium
4.18,16,9.82,66.4,36.5,6,Medium
7.58,19,8.8,14.9,15.9,20,High
5.05,16,6.55,51.4,0.0,16,Medium
7.38,25,8.66,29.4,13.2,5,High
6.24,18,8.48,43.8,9.6,5,Medium
4.31,12,10.4,51.0,48.0,6,Medium
7.93,21,9.26,13.0,25.3,8,High
7.93,20,9.57,19.6,31.4,10,High
6.47,14,9.21,43.1,24.3,16,Medium
6.4,20,5.99,38.9,0.0,15,Medium
4.86,17,11.43,55.0,68.7,8,Medium
8.88,23,6.02,12.3,0.0,15,High
7.36,19,5.63,25.8,0.0,12,Medium
5.99,12,7.1,32.8,0.0,6,Medium
6.12,21,11.29,44.7,65.8,0,Medium
7.8,18,5.12,20.4,0.0,19,High
5.53,15,9.36,35.2,27.1,18,Medium
3.53,10,5.16,62.4,0.0,3,Low
6.31,16,5.73,34.4,0.0,8,Medium
4.18,16,10.63,54.5,52.7,20,Medium
5.24,18,10.34,49.8,46.7,15,Medium
6.26,21,8.45,37.6,9.1,11,Medium
7.37,17,11.52,19.7,70.5,11,High
5.21,18,8.29,46.8,5.8,7,Medium
6.56,21,6.77,32.9,0.0,19,High
5.32,13,11.97,49.6,79.4,17,Medium
4.85,10,7.69,42.5,0.0,13,Medium
8.45,28,11.28,25.2,65.7,8,High
4.17,10,8.22,50.1,4.5,12,Medium
5.93,16,8.19,48.7,3.8,7,Medium
4.67,13,6.66,50.0,0.0,1,Low
4.91,16,10.57,54.7,51.4,12,Medium
6.74,23,5.39,39.1,0.0,20,High
8.58,26,7.78,17.7,0.0,14,High
4.42,9,8.79,53.2,15.8,2,Low
5.49,20,6.18,44.2,0.0,10,Medium
6.13,17,8.39,38.1,7.7,3,Medium
6.74,22,5.49,28.6,0.0,11,Medium
6.53,18,5.63,26.3,0.0,10,Medium
5.41,14,10.99,53.7,59.7,12,Medium
7.83,23,6.19,18.3,0.0,2,High
6.79,22,9.09,41.2,21.9,16,High
6.42,17,10.14,45.7,42.8,7,Medium
4.69,17,8.01,60.7,0.2,9,Medium
3.76,13,5.8,60.9,0.0,11,Low
4.72,18,6.72,56.3,0.0,8,Medium
4.7,11,5.66,55.0,0.0,10,Low
4.89,10,10.33,50.6,46.6,4,Medium
8.89,22,5.42,20.7,0.0,4,High
5.32,14,5.97,42.3,0.0,19,Medium
5.81,20,7.38,38.6,0.0,19,Medium
8.61,23,11.48,6.6,69.6,15,High
5.4,16,10.79,48.3,55.8,2,Medium
6.41,22,6.69,41.0,0.0,13,Medium
8.71,22,9.31,17.5,26.2,4,High
6.43,16,8.09,43.4,1.8,12,Medium
6.91,15,10.84,29.3,56.7,12,High
7.76,20,5.21,25.2,0.0,20,High
6.4,16,6.92,31.2,0.0,5,Medium
3.59,13,5.3,56.6,0.0,19,Medium
8.58,22,10.68,23.5,53.6,2,High
3.59,12,6.58,74.0,0.0,16,Low
3.9,14,9.19,59.1,23.7,16,Medium
7.56,23,10.35,24.7,46.9,1,High
3.41,11,5.98,73.3,0.0,5,Low
3.8,12,6.15,62.9,0.0,18,Medium
5.82,19,7.26,38.5,0.0,10,Medium
5.47,16,11.19,47.5,63.7,1,Medium
8.19,28,11.06,16.6,61.2,9,High
5.84,21,7.02,49.1,0.0,13,Medium
4.46,15,5.76,60.9,0.0,13,Medium
8.74,21,9.85,21.2,37.0,19,High
6.16,14,7.78,45.0,0.0,10,Medium
3.87,15,11.17,55.3,63.5,9,Medium
5.03,10,6.78,52.3,0.0,11,Medium
6.64,20,11.35,26.2,67.0,20,High
3.57,6,11.83,54.4,76.5,3,Low
5.11,15,7.98,53.2,0.0,14,Medium
8.43,28,7.17,16.2,0.0,15,High
6.62,18,9.67,24.8,33.5,10,High
6.78,23,10.08,25.7,41.5,17,High
7.49,24,8.46,31.6,9.1,0,High
7.6,20,10.81,25.2,56.2,0,High
5.43,13,7.16,48.5,0.0,2,Medium
4.64,16,11.89,58.1,77.8,19,Medium
4.43,16,11.55,61.8,71.0,0,Medium
5.52,16,6.34,41.6,0.0,4,Medium
7.83,19,8.93,28.5,18.7,1,High
7.36,22,5.72,22.2,0.0,17,High
4.97,13,10.87,50.7,57.3,11,Medium
6.95,19,7.06,40.2,0.0,5,Medium
8.86,21,10.47,13.1,49.4,19,High
8.2,19,7.33,23.8,0.0,3,High
5.72,14,7.47,49.5,0.0,19,Medium
3.61,5,9.74,61.1,34.8,6,Low
3.77,13,10.05,70.2,41.1,15,Medium
3.25,13,8.84,61.6,16.7,17,Medium
3.24,8,8.9,74.7,18.1,15,Low
3.38,5,11.23,76.1,64.5,1,Low
4.54,8,7.92,49.7,0.0,5,Low
7.05,24,9.16,29.7,23.1,14,High
5.48,13,8.49,49.1,9.7,9,Medium
8.79,25,5.75,16.1,0.0,8,High
3.96,8,11.95,54.7,79.0,12,Medium
4.38,17,10.6,53.9,51.9,8,Medium
3.56,13,10.25,65.2,45.0,4,Medium
6.9,20,11.14,22.1,62.9,4,High
5.17,19,10.07,54.4,41.4,2,Medium
4.06,13,10.88,58.8,57.6,17,Medium
6.28,20,5.72,34.8,0.0,15,Medium
5.47,20,9.39,40.8,27.8,20,High
8.3,25,10.06,8.7,41.2,15,High
5.79,14,11.25,41.8,65.0,16,Medium
6.05,14,10.79,42.8,55.9,13,Medium
5.6,12,5.07,42.8,0.0,14,Medium
5.36,16,9.38,38.0,27.6,19,Medium
6.04,21,6.93,34.3,0.0,4,Medium
3.1,6,6.33,77.4,0.0,3,Low
6.73,24,5.08,38.8,0.0,16,High
3.41,9,10.04,59.5,40.8,15,Medium
7.23,21,7.45,34.4,0.0,5,Medium
6.14,19,9.49,31.6,29.8,17,High
8.99,28,5.71,14.4,0.0,7,High
6.72,24,6.5,24.8,0.0,7,High
4.29,8,7.23,60.2,0.0,20,Medium
7.56,25,11.6,26.1,71.9,9,High
4.36,8,5.76,65.8,0.0,1,Low
7.63,20,7.37,18.8,0.0,0,Medium
5.6,13,8.3,36.2,6.0,8,Medium
5.51,18,8.62,42.3,12.3,2,Medium
5.46,12,9.02,43.3,20.5,7,Medium
7.12,24,11.35,21.9,66.9,19,High
5.92,14,9.6,48.5,31.9,7,Medium
7.5,23,5.79,17.4,0.0,19,High
6.17,20,11.13,38.4,62.7,20,High
3.17,10,8.6,75.1,12.0,4,Low
5.26,10,5.41,49.8,0.0,2,Low
8.12,23,8.06,24.3,1.2,8,High
6.21,20,10.92,31.8,58.4,17,High
4.64,11,10.18,54.3,43.6,14,Medium
7.83,23,7.1,14.7,0.0,5,High
6.91,24,5.97,35.8,0.0,7,Medium
7.28,19,6.46,26.7,0.0,16,High
7.31,22,8.96,24.2,19.3,3,High
6.58,14,5.89,42.6,0.0,20,Medium
7.55,22,6.08,23.3,0.0,3,Medium
4.99,14,11.36,41.5,67.2,17,Medium
3.19,13,6.29,72.5,0.0,17,Low
5.99,17,6.26,30.3,0.0,18,Medium
7.01,20,7.61,38.4,0.0,12,High
6.55,17,9.26,29.5,25.1,20,High
8.92,25,8.69,18.6,13.8,12,High
8.01,28,10.82,13.7,56.3,5,High
4.64,9,9.76,44.8,35.1,20,Medium
5.15,15,7.22,47.5,0.0,2,Medium
3.31,6,5.21,73.4,0.0,7,Low
5.39,19,9.86,52.2,37.2,9,Medium
5.63,14,6.44,43.8,0.0,12,Medium
3.18,9,9.25,72.4,25.0,2,Low
5.35,15,9.1,45.7,22.0,2,Medium
4.8,14,6.51,56.5,0.0,8,Medium
5.24,11,7.71,41.8,0.0,16,Medium
7.55,24,9.08,17.3,21.5,0,High
8.53,26,6.35,18.1,0.0,1,High
8.13,28,7.32,20.0,0.0,11,High
3.41,5,5.93,61.4,0.0,16,Low
8.42,24,7.32,21.4,0.0,8,High
3.86,7,5.17,62.9,0.0,8,Low
6.32,16,6.61,38.4,0.0,3,Medium
3.14,9,10.9,66.9,58.0,9,Low
4.55,15,6.02,53.5,0.0,10,Medium
6.51,19,8.26,33.1,5.2,9,Medium
4.89,10,5.19,44.5,0.0,1,Low
4.53,13,9.57,52.7,31.4,16,Medium
7.32,17,8.7,28.5,13.9,15,High
7.59,26,11.7,24.3,74.0,1,High
4.65,8,5.75,57.8,0.0,10,Low
7.83,21,5.88,11.9,0.0,5,High
6.69,17,9.97,26.8,39.5,4,Medium
7.88,22,6.53,11.5,0.0,6,High
4.01,11,9.25,59.9,25.0,11,Medium
3.65,11,9.63,60.8,32.6,2,Low
8.69,26,8.87,16.4,17.4,11,High
8.87,25,8.56,17.1,11.3,14,High
6.7,16,8.74,28.3,14.8,5,Medium
6.22,18,10.38,34.6,47.6,18,High
4.67,9,10.28,63.2,45.7,20,Medium
8.3,19,7.67,18.7,0.0,14,High
8.6,29,9.41,9.7,28.1,2,High
6.79,24,11.12,26.4,62.4,17,High
8.57,21,10.81,18.3,56.2,11,High
3.26,4,9.57,65.9,31.4,16,Low
8.62,26,8.14,16.0,2.8,19,High
8.3,26,6.73,14.2,0.0,20,High
8.51,25,10.09,10.6,41.7,19,High
7.46,26,10.84,32.4,56.9,16,High
6.32,13,11.58,41.1,71.6,4,Medium
4.67,16,11.66,49.9,73.3,0,Medium
7.55,25,7.48,23.3,0.0,11,High
6.62,17,5.39,32.3,0.0,6,Medium
8.11,28,10.67,22.5,53.4,15,High
6.97,22,7.24,28.7,0.0,0,Medium
6.39,17,6.63,30.8,0.0,20,Medium
4.76,16,7.7,53.8,0.0,17,Medium
4.2,12,10.42,67.8,48.4,12,Medium
8.13,28,11.52,18.1,70.4,19,High
3.42,5,10.81,66.3,56.2,6,Low
8.92,27,6.32,19.1,0.0,13,High
5.22,10,8.72,50.7,14.3,5,Medium
3.8,12,11.1,53.7,62.0,11,Medium
5.36,16,7.74,39.1,0.0,11,Medium
5.8,14,6.09,49.5,0.0,1,Medium
7.01,24,5.32,36.6,0.0,15,High
8.24,22,11.04,25.2,60.7,16,High
3.68,7,9.39,61.6,27.9,13,Low
5.64,20,10.01,50.9,40.1,3,Medium
5.44,16,11.98,45.9,79.7,3,Medium
4.59,16,7.13,63.5,0.0,0,Low
5.46,17,9.64,53.0,32.9,11,Medium
6.77,24,9.9,41.8,37.9,3,High
3.32,5,11.34,61.3,66.8,10,Low
8.1,27,11.6,19.9,72.0,2,High
5.93,19,9.94,46.3,38.9,16,High
7.46,21,9.57,26.4,31.3,4,High
8.42,22,9.55,15.9,30.9,12,High
5.33,10,5.11,37.7,0.0,6,Medium
6.39,16,6.73,32.8,0.0,12,Medium
4.04,10,10.98,55.2,59.6,14,Medium
4.99,11,6.14,44.4,0.0,16,Medium
8.95,24,6.1,17.9,0.0,4,High
6.52,14,5.57,31.9,0.0,14,Medium
6.03,19,9.41,48.9,28.3,10,Medium
6.93,24,8.98,30.2,19.7,1,High
4.56,8,11.78,56.1,75.5,9,Medium
5.56,20,10.64,48.9,52.8,12,Medium
6.78,19,10.04,37.9,40.8,12,High
6.35,20,6.13,35.5,0.0,1,Medium
6.14,22,11.33,48.4,66.7,20,High
3.47,12,8.46,66.0,9.2,14,Medium
4.6,17,5.93,48.0,0.0,1,Medium
8.32,25,10.8,9.2,56.1,11,High
7.87,26,8.52,12.4,10.5,5,High
5.24,10,6.94,53.1,0.0,4,Low
7.13,17,10.14,34.5,42.7,15,High
7.15,20,8.83,29.9,16.7,4,High
7.21,21,6.01,36.3,0.0,8,Medium
8.33,21,5.24,8.7,0.0,4,High
7.94,19,9.98,24.0,39.6,9,High
3.44,14,10.64,58.0,52.9,13,Medium
5.98,18,5.53,48.3,0.0,3,Medium
5.1,10,8.68,44.4,13.6,14,Medium
8.65,28,5.34,16.4,0.0,14,High
7.58,22,10.59,18.8,51.9,13,High
4.05,11,10.19,58.3,43.8,20,Medium
8.33,25,5.89,12.1,0.0,1,High
3.9,14,9.38,67.0,27.6,1,Low
8.81,25,7.99,9.0,0.0,3,High
5.6,17,6.71,34.2,0.0,13,Medium
3.33,8,9.31,72.6,26.1,4,Low
5.88,16,11.47,40.2,69.4,5,Medium
7.23,21,7.19,28.5,0.0,4,Medium
4.64,8,6.9,60.3,0.0,20,Medium
7.76,21,6.96,23.9,0.0,18,High
8.08,25,6.4,21.4,0.0,14,High
7.34,17,7.54,20.3,0.0,18,High
7.19,18,8.55,31.5,11.0,0,Medium
5.08,13,11.05,47.4,61.0,15,Medium
8.52,20,8.76,5.0,15.1,5,High
4.16,13,5.28,61.2,0.0,16,Medium
5.82,20,6.43,38.7,0.0,7,Medium
3.14,4,7.92,61.3,0.0,11,Low
3.8,7,5.86,54.2,0.0,8,Low
5.86,13,9.18,34.3,23.5,20,Medium
5.91,12,9.36,43.9,27.2,15,Medium
8.62,22,7.62,21.3,0.0,0,High
3.05,10,6.61,62.0,0.0,12,Low
6.49,17,6.09,41.6,0.0,1,Medium
6.27,17,10.72,39.0,54.4,2,Medium
6.27,18,6.1,35.8,0.0,6,Medium
3.98,12,7.63,55.1,0.0,20,Medium
3.05,5,9.88,67.6,37.6,1,Low
6.68,22,9.6,39.2,31.9,10,High
4.81,9,8.74,44.6,14.7,3,Medium
7.14,16,5.46,36.4,0.0,15,Medium
5.49,13,9.95,38.8,38.9,17,Medium
7.96,20,8.86,19.1,17.1,2,High
5.74,21,7.66,41.8,0.0,13,Medium
6.19,15,8.23,44.2,4.6,15,Medium
8.32,22,10.51,16.4,50.1,15,High
5.51,17,7.11,54.5,0.0,19,Medium
6.85,24,10.33,27.6,46.6,2,High
6.64,21,8.16,36.6,3.3,1,Medium
3.19,8,10.06,73.2,41.2,12,Low
7.52,23,5.54,19.7,0.0,10,High
3.56,7,7.92,58.1,0.0,6,Low
4.59,12,7.26,63.9,0.0,15,Medium
3.97,15,9.56,64.0,31.3,16,Medium
8.43,29,8.51,11.7,10.2,2,High
3.34,10,7.65,56.9,0.0,16,Medium
5.85,17,7.83,34.6,0.0,15,Medium
4.83,18,5.25,59.8,0.0,17,Medium
5.98,12,8.61,36.2,12.3,0,Medium
3.11,6,9.8,61.1,35.9,14,Low
8.34,22,6.59,10.1,0.0,20,High
8.27,26,7.17,8.9,0.0,2,High
3.66,13,7.83,55.7,0.0,18,Medium
3.59,10,6.63,69.3,0.0,3,Low
3.0,13,5.74,79.0,0.0,1,Low
6.64,20,8.23,28.5,4.5,7,Medium
7.59,26,10.25,26.5,44.9,13,High
8.05,20,6.0,11.3,0.0,2,High
6.55,14,11.67,29.5,73.4,18,High
8.21,20,7.43,19.8,0.0,6,High
4.51,12,6.99,54.0,0.0,20,Medium
5.76,20,7.42,41.6,0.0,14,Medium
4.39,16,5.89,55.6,0.0,13,Medium
4.12,14,5.11,62.3,0.0,1,Low
6.94,19,5.91,37.5,0.0,16,Medium
6.43,14,9.81,42.8,36.1,14,Medium
5.88,15,8.33,36.9,6.7,4,Medium
5.81,14,8.36,49.2,7.2,10,Medium
7.1,19,6.81,21.6,0.0,7,Medium
4.38,14,7.35,65.4,0.0,20,Medium
7.92,23,8.54,14.3,10.8,11,High
5.95,20,10.84,36.2,56.8,10,High
6.53,17,11.64,32.1,72.7,17,High
8.73,25,10.1,15.4,42.0,6,High
4.33,7,6.57,51.1,0.0,11,Low
3.04,6,10.95,73.0,59.0,1,Low
7.47,19,7.95,30.0,0.0,1,Medium
5.98,18,9.01,34.6,20.1,8,Medium
3.59,13,10.21,66.7,44.1,15,Medium
6.84,23,9.25,38.1,25.0,3,High
3.66,6,5.78,68.4,0.0,1,Low
7.8,21,9.63,15.4,32.7,5,High
3.69,7,5.03,64.4,0.0,0,Low
3.01,12,11.94,69.8,78.9,4,Medium
3.07,12,11.56,72.0,71.2,17,Medium
3.32,9,7.05,66.5,0.0,9,Low
3.33,9,9.07,72.2,21.4,8,Low
5.47,20,5.08,48.8,0.0,14,Medium
7.98,25,5.93,13.0,0.0,16,High
3.39,13,6.39,75.8,0.0,7,Low
8.28,19,9.33,18.5,26.6,16,High
7.39,26,9.5,30.7,30.0,15,High
5.51,13,9.46,41.4,29.2,7,Medium
7.23,17,8.42,23.6,8.4,9,High
8.63,21,10.63,12.1,52.5,16,High
5.09,15,11.49,46.7,69.8,9,Medium
8.14,21,5.1,25.2,0.0,1,Medium
8.45,29,5.85,17.6,0.0,13,High
3.16,11,10.58,76.0,51.5,4,Low
8.22,25,11.95,10.0,79.0,7,High
6.57,15,7.8,32.4,0.0,7,Medium
8.72,21,5.5,4.1,0.0,3,High
7.81,20,9.91,14.6,38.1,18,High
7.25,24,8.88,31.9,17.6,4,High
3.76,13,10.08,64.1,41.5,17,Medium
7.63,18,6.08,18.5,0.0,4,Medium
5.69,13,8.71,45.9,14.2,2,Medium
7.39,25,8.0,28.9,0.0,15,High
8.93,23,7.75,10.0,0.0,18,High
8.14,20,9.55,9.4,30.9,5,High
4.9,14,10.3,60.8,45.9,10,Medium
6.79,20,5.3,23.0,0.0,14,Medium
3.54,7,9.36,65.7,27.2,8,Low
7.24,18,9.51,22.4,30.2,18,High
8.44,20,11.69,23.1,73.7,19,High
6.74,15,11.77,41.2,75.4,19,High
3.72,11,8.24,70.4,4.7,6,Low
7.19,24,11.62,36.3,72.4,13,High
3.65,9,9.48,62.9,29.6,16,Medium
6.6,20,7.78,38.2,0.0,18,High
5.19,19,11.93,54.3,78.7,11,Medium
5.82,18,10.87,35.1,57.4,17,High
4.6,12,11.55,50.6,71.1,5,Medium
7.88,25,8.73,21.6,14.6,2,High
7.54,18,6.72,17.4,0.0,4,Medium
6.54,23,8.85,29.5,16.9,6,High
6.79,23,7.67,32.6,0.0,3,Medium
4.85,10,11.06,54.5,61.2,18,Medium
8.1,20,9.69,18.4,33.8,0,High
5.76,21,5.46,38.7,0.0,0,Medium
6.71,19,11.58,26.2,71.6,3,High
7.49,24,9.79,20.2,35.8,7,High
6.36,18,7.68,36.2,0.0,10,Medium
4.53,11,11.48,54.7,69.7,1,Medium
7.32,23,11.31,17.2,66.1,8,High
6.1,14,10.33,38.6,46.5,5,Medium
6.69,21,8.58,30.0,11.5,7,High
5.93,19,7.07,46.6,0.0,17,Medium
5.55,15,11.44,51.5,68.8,15,Medium
4.09,14,9.19,66.7,23.9,14,Medium
8.45,23,10.34,17.1,46.8,19,High
8.72,24,9.6,10.4,32.0,17,High
4.33,7,6.28,56.2,0.0,3,Low
6.43,18,7.8,33.1,0.0,5,Medium
8.43,24,5.44,24.9,0.0,1,High
4.21,15,9.9,55.4,38.0,20,Medium
5.59,16,5.6,39.3,0.0,18,Medium
5.33,14,6.05,53.4,0.0,20,Medium
4.65,11,7.52,63.5,0.0,12,Medium
7.88,19,6.33,14.9,0.0,18,High
4.3,14,5.87,62.0,0.0,6,Low
6.22,20,6.76,31.1,0.0,14,Medium
5.38,16,9.87,51.0,37.5,13,Medium
8.16,22,5.71,9.9,0.0,8,High
8.54,21,8.62,10.5,12.4,15,High
8.06,19,6.44,11.5,0.0,7,High
8.3,26,11.02,12.0,60.4,10,High
3.22,4,9.52,74.8,30.4,18,Low
4.01,16,8.68,62.7,13.6,10,Medium
4.3,9,6.71,51.3,0.0,2,Low
7.49,18,8.32,34.1,6.4,5,Medium
3.51,12,8.99,71.0,19.7,5,Low
4.45,14,6.71,62.8,0.0,3,Low
6.08,20,11.08,31.3,61.7,19,High
5.08,14,8.35,52.3,7.1,13,Medium
4.94,11,10.27,49.7,45.4,18,Medium
8.98,24,11.58,11.0,71.6,19,High
8.31,22,10.55,20.4,51.0,5,High
3.48,10,8.48,57.9,9.7,13,Medium
3.06,10,11.76,64.4,75.2,12,Medium
7.89,22,7.37,16.5,0.0,0,High
8.16,27,11.54,17.1,70.8,0,High
4.62,17,11.53,48.3,70.6,17,Medium
6.44,21,10.86,40.4,57.2,11,High
4.38,17,8.32,57.2,6.3,20,Medium
3.99,6,10.87,60.1,57.4,1,Low
5.08,13,7.21,39.6,0.0,6,Medium
6.28,16,8.51,38.3,10.3,4,Medium
3.82,11,5.47,52.7,0.0,4,Low
8.31,25,10.38,22.4,47.7,8,High
4.2,8,5.72,60.2,0.0,20,Low
4.25,8,11.49,62.0,69.7,16,Medium
3.26,9,6.15,58.7,0.0,0,Low
8.31,25,5.16,25.5,0.0,14,High
3.37,5,6.39,63.1,0.0,2,Low
6.6,20,5.72,26.7,0.0,1,Medium
5.73,14,5.19,47.8,0.0,4,Medium
5.67,19,8.42,48.8,8.4,19,Medium
3.47,9,11.65,69.1,73.0,6,Low
8.56,20,7.49,20.5,0.0,5,High
6.71,15,11.19,26.4,63.9,0,Medium
6.7,19,7.14,31.8,0.0,17,High
7.93,27,5.52,11.6,0.0,5,High
5.29,19,8.98,46.9,19.7,17,Medium
3.41,13,8.42,70.8,8.4,7,Low
8.05,24,8.17,23.6,3.3,16,High
7.53,19,8.6,23.9,12.0,18,High
3.1,4,7.03,70.1,0.0,2,Low
4.27,15,5.67,66.7,0.0,6,Low
7.95,21,6.27,10.8,0.0,6,High
8.19,22,5.21,13.6,0.0,16,High
4.69,9,5.06,58.5,0.0,15,Low
6.01,19,11.01,40.8,60.2,1,Medium
7.7,26,6.79,23.5,0.0,13,High
7.2,21,7.05,26.0,0.0,13,High
3.02,10,5.33,62.7,0.0,6,Low
7.91,27,9.98,20.8,39.7,8,High
8.17,22,8.65,25.7,13.0,6,High
8.46,25,5.88,8.1,0.0,11,High
5.37,12,11.64,37.3,72.7,12,Medium
4.26,12,10.8,66.3,56.0,18,Medium
3.23,9,11.48,69.0,69.6,6,Low
3.7,11,5.78,56.3,0.0,0,Low
7.53,25,5.69,25.4,0.0,11,High
3.55,14,8.09,56.6,1.8,16,Medium
3.16,10,11.11,70.1,62.1,1,Low
7.59,26,7.81,30.4,0.0,1,High
7.5,21,10.96,34.7,59.1,6,High
5.94,13,10.58,47.9,51.5,4,Medium
5.74,21,5.67,43.9,0.0,4,Medium
3.03,13,10.27,73.2,45.5,17,Medium
6.92,22,8.98,23.9,19.6,15,High
7.01,21,6.68,25.6,0.0,18,High
5.38,16,9.42,50.1,28.3,16,Medium
5.96,12,6.02,39.7,0.0,4,Medium
6.96,17,6.12,24.0,0.0,1,Medium
4.33,16,10.86,66.2,57.3,8,Medium
8.89,21,8.99,4.7,19.9,7,High
5.2,19,10.14,51.4,42.9,8,Medium
6.99,17,10.03,39.3,40.6,3,Medium
4.33,12,6.74,63.3,0.0,11,Low
7.59,23,5.5,26.3,0.0,19,High
7.39,18,5.16,28.8,0.0,10,Medium
3.8,6,5.78,64.0,0.0,16,Low
8.99,27,7.38,16.3,0.0,6,High
6.74,20,5.08,37.6,0.0,13,Medium
6.39,17,8.64,35.6,12.8,10,Medium
4.04,13,9.37,57.1,27.4,18,Medium
5.98,19,10.05,48.9,40.9,0,Medium
5.09,15,7.15,47.7,0.0,9,Medium
7.88,19,8.53,23.6,10.6,1,High
5.06,17,6.84,59.0,0.0,1,Medium
7.89,18,6.25,18.5,0.0,16,High
7.3,23,5.87,22.0,0.0,3,Medium
4.92,15,7.37,55.1,0.0,14,Medium
7.7,22,11.11,14.1,62.2,9,High
5.45,11,6.07,50.4,0.0,4,Low
5.81,19,5.81,46.0,0.0,12,Medium
7.44,21,6.22,17.4,0.0,7,High
7.21,23,5.61,21.9,0.0,8,High
8.99,28,7.09,19.1,0.0,19,High
7.52,24,5.84,31.9,0.0,3,Medium
4.0,16,6.71,50.1,0.0,11,Medium
8.91,29,9.61,5.9,32.2,4,High
5.38,20,9.25,53.0,25.0,0,Medium
6.07,22,7.85,30.4,0.0,20,High
7.31,23,11.4,33.5,68.0,17,High
4.13,10,11.64,61.7,72.8,5,Medium
6.92,22,6.09,28.2,0.0,16,High
4.45,8,11.05,49.8,61.1,11,Medium
8.3,28,8.99,17.8,19.7,7,High
5.03,12,8.46,51.0,9.3,9,Medium
8.53,20,7.05,13.8,0.0,11,High
8.77,29,7.91,15.7,0.0,8,High
3.24,11,10.72,66.6,54.4,17,Medium
5.24,17,11.97,51.7,79.4,5,Medium
5.84,12,7.69,49.3,0.0,7,Medium
3.95,11,6.94,52.0,0.0,5,Low
8.03,22,7.42,13.7,0.0,16,High
5.61,20,7.29,49.8,0.0,7,Medium
7.13,21,6.25,30.5,0.0,5,Medium
8.71,27,6.36,21.3,0.0,1,High
8.26,20,6.16,23.6,0.0,9,High
6.67,18,9.65,38.8,33.0,14,High
7.4,26,11.5,34.3,70.0,2,High
4.33,11,5.65,59.6,0.0,18,Medium
6.32,18,10.22,45.1,44.5,8,Medium
3.06,5,5.54,66.0,0.0,2,Low
5.45,20,6.28,43.1,0.0,8,Medium
6.67,19,10.38,24.3,47.5,0,Medium
6.1,15,8.3,39.3,5.9,16,Medium
8.94,22,9.04,13.8,20.8,17,High
7.38,17,10.98,32.7,59.6,2,High
4.2,7,8.1,64.0,2.1,4,Low
3.84,11,8.97,65.5,19.3,2,Low
3.77,6,8.67,55.5,13.4,11,Low
8.26,28,7.8,13.0,0.0,15,High
8.16,20,11.16,17.9,63.3,14,High
7.06,18,10.03,25.7,40.5,3,High
8.48,25,8.37,24.5,7.3,0,High
3.19,7,7.48,64.3,0.0,6,Low
7.69,24,10.46,18.0,49.1,9,High
3.56,5,11.86,71.2,77.2,0,Low
8.03,23,10.63,24.9,52.5,0,High
4.3,8,8.13,51.2,2.6,8,Low
7.3,17,6.29,17.7,0.0,20,High
3.54,11,11.06,55.1,61.3,12,Medium
5.73,18,11.45,45.5,68.9,17,High
4.31,8,10.21,57.0,44.2,13,Medium
4.72,11,5.6,51.3,0.0,20,Medium
7.35,24,5.82,32.0,0.0,2,Medium
5.91,14,11.47,48.8,69.4,1,Medium
6.62,23,8.1,40.3,2.0,19,High
4.98,14,7.05,55.2,0.0,14,Medium
5.75,21,8.21,51.3,4.2,11,Medium
7.55,18,10.65,27.2,53.0,18,High
5.7,15,8.39,33.2,7.9,13,Medium
6.71,16,10.92,26.2,58.3,20,High
4.37,12,6.6,64.7,0.0,0,Low
4.58,16,11.01,55.6,60.2,14,Medium
6.35,21,9.83,27.5,36.6,10,High
3.51,9,10.23,72.7,44.7,8,Low
8.81,23,9.4,18.6,28.1,15,High
3.71,6,11.7,67.8,73.9,1,Low
7.17,18,10.83,25.7,56.5,15,High
8.81,26,6.23,6.3,0.0,7,High
7.37,21,9.0,32.1,19.9,18,High
7.99,24,9.92,15.5,38.5,2,High
7.93,23,8.61,13.0,12.3,8,High
3.82,8,6.81,70.4,0.0,0,Low
7.79,23,6.31,19.1,0.0,4,High
5.02,15,11.36,49.0,67.3,14,Medium
6.04,15,5.45,36.4,0.0,3,Medium
8.96,29,10.31,14.1,46.2,16,High
4.34,17,6.28,64.0,0.0,1,Low
4.97,15,10.61,41.2,52.3,17,Medium
8.5,29,6.42,9.7,0.0,18,High
8.85,29,10.49,5.0,49.7,10,High
7.05,19,7.03,23.2,0.0,4,Medium
5.45,19,9.49,41.5,29.8,20,High
5.38,15,7.43,52.5,0.0,6,Medium
3.55,10,7.46,62.0,0.0,10,Low
5.68,18,5.25,34.0,0.0,1,Medium
7.67,23,11.52,22.8,70.4,4,High
6.81,22,8.2,33.8,4.0,18,High
6.74,21,8.78,31.5,15.6,1,Medium
5.11,17,11.3,54.3,66.0,12,Medium
8.65,23,8.48,10.9,9.6,7,High
3.19,8,7.77,60.7,0.0,9,Low
6.03,19,7.06,48.6,0.0,20,Medium
6.75,21,6.17,37.5,0.0,20,High
5.8,18,6.0,50.7,0.0,9,Medium
3.7,14,11.51,60.2,70.1,17,Medium
3.02,9,8.98,73.0,19.5,19,Low
8.39,24,6.54,9.1,0.0,12,High
6.94,16,10.67,37.7,53.5,11,High
8.27,27,8.74,17.9,14.8,7,High
5.16,18,8.12,51.6,2.4,0,Medium
6.54,20,10.01,32.0,40.3,2,Medium
7.01,17,6.78,35.9,0.0,20,High
6.25,13,5.71,31.0,0.0,11,Medium
4.42,16,9.71,52.1,34.2,1,Medium
6.36,17,10.7,29.8,54.1,6,Medium
3.64,7,6.68,60.5,0.0,7,Low
6.87,20,10.83,25.9,56.6,8,High
7.06,23,6.85,28.0,0.0,12,High
5.24,17,8.93,57.5,18.6,5,Medium
8.79,27,11.47,9.2,69.4,17,High
4.72,18,7.31,62.4,0.0,6,Medium
3.52,12,7.42,65.4,0.0,4,Low
7.72,22,9.47,23.7,29.3,17,High
4.92,14,10.73,50.3,54.6,13,Medium
4.86,14,6.23,47.2,0.0,12,Medium
3.03,6,6.08,71.7,0.0,4,Low
6.98,22,5.5,22.1,0.0,1,Medium
6.9,18,11.29,31.6,65.8,5,High
5.67,14,6.16,33.7,0.0,8,Medium
8.51,27,9.51,24.1,30.2,4,High
4.36,14,6.89,65.6,0.0,2,Low
6.61,18,11.68,34.2,73.7,3,High
8.98,21,10.12,4.5,42.3,16,High
5.72,20,6.56,47.3,0.0,5,Medium
4.28,10,10.67,53.1,53.3,20,Medium
3.5,6,5.73,57.9,0.0,16,Low
6.19,16,7.88,33.4,0.0,17,Medium
6.23,16,10.8,42.3,55.9,15,High
3.84,9,5.71,57.1,0.0,19,Low
5.89,14,7.03,46.9,0.0,7,Medium
6.32,14,10.77,44.3,55.5,14,Medium
7.64,26,6.71,16.6,0.0,5,High
8.58,20,11.62,8.0,72.4,5,High
7.63,17,11.36,25.0,67.3,19,High
8.96,26,5.7,8.9,0.0,0,High
5.73,12,10.11,43.6,42.2,7,Medium
8.68,24,5.97,15.8,0.0,20,High
7.9,18,9.93,15.0,38.6,16,High
6.35,16,10.69,42.1,53.8,6,Medium
5.83,16,8.05,43.8,1.0,20,Medium
8.8,23,5.35,11.6,0.0,19,High
4.98,17,5.96,60.1,0.0,7,Medium
3.15,8,9.83,61.1,36.5,8,Low
7.5,20,7.91,23.2,0.0,3,High
8.22,21,7.48,17.5,0.0,2,High
7.71,27,7.77,22.7,0.0,15,High
3.16,5,6.36,71.4,0.0,6,Low
4.2,15,7.63,65.2,0.0,10,Medium
3.61,6,10.67,71.1,53.5,4,Low
6.23,22,11.94,46.4,78.7,15,High
7.13,25,7.95,29.7,0.0,7,High
8.56,21,8.99,10.2,19.9,3,High
7.65,23,6.2,17.8,0.0,5,High
4.97,14,10.5,45.5,50.1,5,Medium
6.68,15,10.28,27.3,45.6,18,High
7.77,26,5.41,14.2,0.0,4,High
8.63,28,6.66,9.4,0.0,7,High
4.25,10,8.67,59.6,13.3,1,Low
4.98,12,6.23,50.1,0.0,14,Medium
4.6,8,11.7,56.1,73.9,2,Medium
7.7,26,7.46,27.8,0.0,8,High
3.85,13,11.8,59.2,76.0,16,Medium
5.15,16,8.24,40.8,4.8,14,Medium
5.83,18,9.42,43.4,28.5,17,Medium
3.9,9,5.39,60.2,0.0,14,Low
4.76,14,8.04,53.5,0.7,17,Medium
7.52,22,10.56,24.1,51.1,19,High
7.67,21,9.01,23.8,20.2,6,High
4.04,13,7.48,65.1,0.0,11,Medium
8.59,24,11.29,6.1,65.9,1,High
8.1,27,8.93,11.6,18.6,19,High
7.1,24,9.99,22.8,39.7,7,High
6.16,19,5.37,38.9,0.0,9,Medium
4.3,9,10.36,49.5,47.3,10,Medium
5.0,11,7.19,40.2,0.0,3,Medium
5.81,21,5.06,48.4,0.0,16,Medium
4.52,16,5.63,50.9,0.0,5,Medium
8.38,27,6.06,10.4,0.0,15,High
4.52,11,9.58,61.9,31.6,8,Medium
5.63,16,6.66,35.4,0.0,16,Medium
6.54,16,6.51,39.2,0.0,2,Medium
8.38,23,9.39,17.8,27.8,20,High
4.11,9,11.18,67.6,63.7,3,Low
3.97,11,6.36,70.0,0.0,8,Low
6.39,16,11.21,41.4,64.2,20,High
4.65,14,7.61,49.4,0.0,13,Medium
4.23,9,11.49,52.9,69.8,8,Medium
6.12,16,7.23,41.0,0.0,18,Medium
4.56,17,11.96,44.9,79.2,10,Medium
4.32,8,10.6,62.4,52.1,9,Medium
4.91,15,8.19,46.5,3.8,9,Medium
3.68,15,9.57,68.4,31.3,6,Medium
7.5,17,9.82,27.5,36.5,6,High
7.18,25,6.14,31.0,0.0,16,High
6.66,18,7.23,39.2,0.0,5,Medium
4.94,12,9.0,43.1,20.0,13,Medium
8.28,21,8.04,18.4,0.9,16,High
5.35,19,8.21,40.8,4.2,18,Medium
8.99,23,8.65,18.1,13.0,13,High
3.12,5,5.82,66.4,0.0,7,Low
5.89,19,5.47,38.4,0.0,6,Medium
3.65,7,8.88,69.9,17.6,3,Low
8.03,26,5.33,27.2,0.0,3,High
8.99,25,5.13,9.5,0.0,8,High
6.43,14,5.75,36.9,0.0,0,Medium
5.17,13,9.01,47.9,20.2,12,Medium
4.83,13,6.62,59.3,0.0,13,Medium
6.8,18,11.73,36.4,74.5,1,Medium
5.33,15,7.84,38.8,0.0,19,Medium
3.96,7,5.16,54.0,0.0,2,Low
5.14,17,11.43,56.1,68.6,7,Medium
5.51,20,7.22,45.7,0.0,0,Medium
5.95,18,5.4,45.3,0.0,4,Medium
4.23,11,8.59,60.4,11.8,10,Medium
8.52,27,11.85,23.9,77.0,7,High
3.31,8,8.83,75.9,16.5,10,Low
4.16,14,7.98,56.4,0.0,0,Low
8.72,26,9.11,6.8,22.2,10,High
3.35,13,11.59,61.0,71.8,18,Medium
4.34,16,10.7,66.5,53.9,11,Medium
7.17,20,9.84,22.1,36.9,8,High
8.04,24,9.94,23.9,38.7,13,High
7.23,18,6.71,33.5,0.0,12,Medium
6.49,17,6.48,37.8,0.0,1,Medium
7.98,21,5.07,26.0,0.0,8,Medium
7.2,18,6.0,36.0,0.0,5,Medium
4.07,13,6.57,51.1,0.0,20,Medium
7.35,17,10.79,22.1,55.8,12,High
6.39,16,5.92,28.1,0.0,1,Medium
5.8,17,5.75,44.4,0.0,13,Medium
8.65,20,8.31,22.7,6.1,10,High
4.32,16,5.11,47.7,0.0,20,Medium
5.33,16,5.59,53.0,0.0,10,Medium
7.93,23,8.7,21.1,13.9,8,High
6.1,13,6.69,32.0,0.0,3,Medium
5.53,14,7.24,34.9,0.0,14,Medium
8.64,21,10.27,19.6,45.4,13,High
7.41,24,10.95,27.6,58.9,1,High
5.36,18,11.68,53.2,73.6,10,Medium
7.61,20,6.3,31.5,0.0,15,High
7.06,24,11.35,19.9,67.0,18,High
4.01,10,10.12,64.7,42.4,10,Medium
4.1,14,6.44,60.2,0.0,12,Medium
5.19,16,5.43,40.8,0.0,19,Medium
7.25,25,10.48,32.8,49.6,4,High
5.67,13,8.85,49.2,17.0,7,Medium
4.33,14,5.88,51.7,0.0,20,Medium
4.15,14,5.61,66.0,0.0,0,Low
5.57,12,10.87,39.4,57.4,1,Medium
4.78,18,8.11,52.3,2.2,20,Medium
3.67,10,10.31,57.9,46.2,18,Medium
3.3,4,11.64,69.0,72.8,4,Low
6.01,13,6.64,41.6,0.0,5,Medium
7.81,22,7.88,21.3,0.0,19,High
8.25,26,9.59,23.6,31.7,2,High
7.14,16,9.17,31.9,23.4,20,High
5.88,18,10.79,32.8,55.8,14,High
4.02,10,9.87,53.3,37.4,3,Medium
4.72,18,8.97,50.9,19.5,0,Medium
8.26,27,7.84,10.7,0.0,0,High
7.47,19,11.46,27.2,69.1,9,High
3.96,7,7.63,64.4,0.0,2,Low
6.94,23,11.22,22.1,64.5,17,High
8.88,22,10.39,13.9,47.8,7,High
5.45,16,11.71,53.2,74.2,1,Medium
3.82,12,8.63,54.8,12.6,17,Medium
6.21,22,10.07,40.7,41.3,13,High
4.7,13,8.52,61.9,10.4,11,Medium
5.4,11,11.06,47.0,61.3,3,Medium
4.92,17,9.52,43.2,30.5,17,Medium
8.58,20,9.82,15.8,36.4,7,High
3.64,13,9.47,70.3,29.3,0,Low
3.38,11,5.23,75.0,0.0,0,Low
3.47,9,8.63,73.2,12.6,1,Low
5.89,18,7.39,45.0,0.0,1,Medium
6.38,19,9.34,34.6,26.8,3,Medium
3.53,6,7.59,73.3,0.0,12,Low
8.5,24,9.66,20.9,33.3,0,High
8.33,25,6.97,16.2,0.0,8,High
3.55,10,11.72,64.4,74.4,10,Medium
5.26,19,8.41,38.6,8.2,20,Medium
7.33,19,11.07,27.7,61.4,4,High
4.84,16,6.08,56.8,0.0,8,Medium
5.95,21,5.26,33.0,0.0,19,Medium
6.92,23,7.88,29.3,0.0,3,High
6.67,19,8.62,34.5,12.4,20,High
7.94,18,9.85,23.4,37.1,20,High
3.62,13,8.36,69.5,7.2,1,Low
4.64,13,6.1,55.6,0.0,1,Low
3.23,6,5.96,59.3,0.0,4,Low
7.32,17,7.62,29.4,0.0,11,Medium
3.45,6,11.56,74.3,71.2,9,Low
6.41,18,8.94,39.6,18.8,12,Medium
3.37,10,11.88,63.8,77.6,12,Medium
6.42,18,6.73,25.9,0.0,3,Medium
6.07,14,9.58,32.2,31.6,11,Medium
3.65,14,5.84,60.3,0.0,15,Medium
3.38,13,11.51,71.5,70.1,5,Medium
7.01,19,7.15,36.6,0.0,15,High
7.86,27,8.24,15.0,4.8,6,High
4.77,11,7.45,51.8,0.0,13,Medium
4.54,14,7.28,45.0,0.0,16,Medium
3.86,12,9.37,54.7,27.5,19,Medium
6.99,18,5.89,26.2,0.0,7,Medium
4.32,13,7.92,61.0,0.0,7,Medium
6.68,16,8.56,23.6,11.1,17,High
6.36,14,9.82,28.7,36.5,18,High
8.82,21,10.27,6.0,45.5,19,High
5.0,12,11.32,44.7,66.5,13,Medium
7.33,19,6.42,33.3,0.0,0,Medium
7.25,17,9.18,35.5,23.6,10,High
5.87,14,6.41,36.7,0.0,4,Medium
3.29,9,10.6,71.6,51.9,5,Low
3.16,12,10.25,66.4,45.1,16,Medium
3.52,14,7.48,56.1,0.0,3,Low
6.9,15,8.68,21.0,13.5,4,Medium
4.75,11,6.36,57.3,0.0,19,Medium
5.71,14,11.87,49.2,77.5,8,Medium
8.67,26,8.73,22.7,14.6,20,High
5.04,18,9.03,56.3,20.6,8,Medium
4.36,8,6.38,48.2,0.0,7,Low
3.8,13,10.16,62.1,43.2,10,Medium
8.49,25,8.46,16.1,9.3,15,High
6.79,16,6.96,29.4,0.0,16,Medium
3.82,15,6.18,52.8,0.0,15,Medium
6.3,21,6.49,39.9,0.0,6,Medium
3.99,9,7.2,62.4,0.0,7,Low
6.83,23,7.27,26.8,0.0,13,High
3.51,9,10.18,73.8,43.7,17,Medium
6.7,17,7.66,37.3,0.0,1,Medium
4.59,14,8.85,49.4,17.1,4,Medium
3.01,13,6.38,66.8,0.0,19,Low
3.89,8,10.84,52.9,56.7,0,Low
8.41,21,5.37,20.8,0.0,15,High
7.53,18,10.07,20.0,41.4,9,High
5.17,11,5.33,54.1,0.0,16,Medium
5.29,16,9.43,37.2,28.5,2,Medium
5.42,19,11.58,45.1,71.6,13,High
8.43,24,8.09,7.8,1.7,13,High
7.43,20,6.06,16.9,0.0,18,High
3.94,15,6.46,56.3,0.0,13,Medium
8.38,28,9.55,23.5,31.1,13,High
8.69,27,6.58,5.1,0.0,9,High
3.33,10,11.88,64.9,77.6,8,Medium
6.57,22,6.17,27.2,0.0,1,Medium
7.39,19,6.82,17.4,0.0,6,Medium
3.07,10,6.18,63.4,0.0,13,Low
8.24,28,8.29,21.8,5.8,13,High
3.55,12,10.66,54.5,53.2,8,Medium
3.29,5,7.76,70.1,0.0,0,Low
5.67,15,9.42,34.5,28.4,13,Medium
5.33,19,8.39,37.1,7.8,8,Medium
4.14,15,7.02,50.1,0.0,2,Medium
8.53,28,7.88,15.8,0.0,12,High
6.83,16,5.25,23.9,0.0,5,Medium
3.94,9,10.84,51.3,56.8,17,Medium
7.68,23,9.65,28.6,33.0,7,High
3.05,8,8.63,70.4,12.6,19,Low
4.67,13,8.77,58.6,15.5,4,Medium
5.03,15,6.73,59.4,0.0,19,Medium
7.24,19,10.03,23.6,40.7,12,High
6.23,22,10.13,36.4,42.7,1,Medium
7.27,24,6.98,31.2,0.0,14,High
3.49,9,10.48,65.9,49.5,12,Medium
8.31,19,9.8,26.8,36.0,17,High
3.63,9,10.43,73.1,48.5,9,Low
5.12,17,7.02,56.5,0.0,13,Medium
4.1,11,10.66,56.9,53.3,2,Medium
3.21,5,9.13,71.0,22.7,6,Low
