employee_id,timestamp,date,mood,stress_level,workload_level,department
EMP001,2025-10-14 14:50:44.959016,2025-10-14,Tired,6.2,5.4,Marketing
EMP001,2025-10-15 14:50:44.959016,2025-10-15,Neutral,6.7,6.0,Operations
EMP001,2025-10-16 14:50:44.959016,2025-10-16,Neutral,6.6,5.1,Sales
EMP001,2025-10-17 14:50:44.959016,2025-10-17,Calm,5.2,5.2,Marketing
EMP001,2025-10-18 14:50:44.959016,2025-10-18,Calm,5.5,5.1,Marketing
EMP001,2025-10-19 14:50:44.959016,2025-10-19,Calm,5.9,4.6,Sales
EMP001,2025-10-20 14:50:44.959016,2025-10-20,Calm,4.7,3.8,HR
EMP001,2025-10-21 14:50:44.959016,2025-10-21,Neutral,5.9,6.3,Engineering
EMP001,2025-10-22 14:50:44.959016,2025-10-22,Tired,7.3,7.5,Sales
EMP001,2025-10-23 14:50:44.959016,2025-10-23,Tired,6.4,5.4,Operations
EMP001,2025-10-24 14:50:44.959016,2025-10-24,Calm,4.6,6.2,Engineering
EMP001,2025-10-25 14:50:44.959016,2025-10-25,Calm,4.6,2.7,Operations
EMP001,2025-10-26 14:50:44.959016,2025-10-26,Stressed,8.1,6.1,Sales
EMP001,2025-10-27 14:50:44.959016,2025-10-27,Tired,8.0,6.8,Engineering
EMP001,2025-10-28 14:50:44.959016,2025-10-28,Tired,7.9,9.3,Engineering
EMP001,2025-10-29 14:50:44.959016,2025-10-29,Stressed,9.5,8.1,Marketing
EMP001,2025-10-30 14:50:44.959016,2025-10-30,Tired,9.2,9.8,Marketing
EMP001,2025-10-31 14:50:44.959016,2025-10-31,Tired,6.9,8.1,Sales
EMP001,2025-11-01 14:50:44.959016,2025-11-01,Neutral,4.3,3.1,Operations
EMP001,2025-11-02 14:50:44.959016,2025-11-02,Neutral,5.2,6.5,Sales
EMP001,2025-11-03 14:50:44.959016,2025-11-03,Neutral,5.3,3.6,Operations
EMP001,2025-11-04 14:50:44.959016,2025-11-04,Calm,5.9,4.8,HR
EMP001,2025-11-05 14:50:44.959016,2025-11-05,Tired,7.3,5.6,Marketing
EMP001,2025-11-06 14:50:44.959016,2025-11-06,Tired,6.4,4.9,Engineering
EMP001,2025-11-07 14:50:44.959016,2025-11-07,Neutral,5.9,7.3,Engineering
EMP001,2025-11-08 14:50:44.959016,2025-11-08,Neutral,5.9,4.5,Operations
EMP001,2025-11-09 14:50:44.959016,2025-11-09,Neutral,5.2,6.2,Marketing
EMP001,2025-11-10 14:50:44.959016,2025-11-10,Calm,5.9,7.7,Operations
EMP001,2025-11-11 14:50:44.959016,2025-11-11,Calm,4.9,4.4,Sales
EMP001,2025-11-12 14:50:44.959016,2025-11-12,Calm,5.8,4.8,Operations
EMP001,2025-11-13 14:50:44.959016,2025-11-13,Neutral,5.9,6.6,Operations
EMP001,2025-11-14 14:50:44.959016,2025-11-14,Neutral,5.4,6.7,Sales
EMP001,2025-11-15 14:50:44.959016,2025-11-15,Neutral,4.3,4.8,Engineering
EMP001,2025-11-16 14:50:44.959016,2025-11-16,Neutral,6.1,5.6,Marketing
EMP001,2025-11-17 14:50:44.959016,2025-11-17,Calm,4.3,4.9,Engineering
EMP001,2025-11-18 14:50:44.959016,2025-11-18,Neutral,4.3,4.8,Engineering
EMP001,2025-11-19 14:50:44.959016,2025-11-19,Neutral,7.1,7.0,Engineering
EMP001,2025-11-20 14:50:44.959016,2025-11-20,Calm,5.9,6.3,Sales
EMP001,2025-11-21 14:50:44.959016,2025-11-21,Neutral,4.4,4.9,Marketing
EMP001,2025-11-22 14:50:44.959016,2025-11-22,Neutral,4.9,3.5,Sales
EMP001,2025-11-23 14:50:44.959016,2025-11-23,Neutral,6.0,7.8,Engineering
EMP001,2025-11-24 14:50:44.959016,2025-11-24,Calm,5.2,4.6,Sales
EMP001,2025-11-25 14:50:44.959016,2025-11-25,Neutral,5.0,6.1,Operations
EMP001,2025-11-26 14:50:44.959016,2025-11-26,Stressed,8.4,8.4,Marketing
EMP001,2025-11-27 14:50:44.959016,2025-11-27,Stressed,9.7,10.0,Marketing
EMP001,2025-11-28 14:50:44.959016,2025-11-28,Neutral,7.5,9.0,Operations
EMP001,2025-11-29 14:50:44.959016,2025-11-29,Tired,6.5,7.7,HR
EMP001,2025-11-30 14:50:44.959016,2025-11-30,Tired,6.5,7.0,Sales
EMP001,2025-12-01 14:50:44.959016,2025-12-01,Calm,5.4,5.7,Engineering
EMP001,2025-12-02 14:50:44.959016,2025-12-02,Calm,5.2,5.4,Operations
EMP001,2025-12-03 14:50:44.959016,2025-12-03,Tired,7.0,6.8,HR
EMP001,2025-12-04 14:50:44.959016,2025-12-04,Neutral,7.6,7.3,HR
EMP001,2025-12-05 14:50:44.959016,2025-12-05,Neutral,4.3,4.3,Marketing
EMP001,2025-12-06 14:50:44.959016,2025-12-06,Neutral,6.0,7.5,Operations
EMP001,2025-12-07 14:50:44.959016,2025-12-07,Neutral,5.6,7.2,Operations
EMP001,2025-12-08 14:50:44.959016,2025-12-08,Neutral,4.3,4.9,Operations
EMP001,2025-12-09 14:50:44.959016,2025-12-09,Calm,4.4,4.4,Marketing
EMP001,2025-12-10 14:50:44.959016,2025-12-10,Tired,6.2,5.8,Sales
EMP001,2025-12-11 14:50:44.959016,2025-12-11,Tired,7.5,7.9,Operations
EMP001,2025-12-12 14:50:44.959016,2025-12-12,Calm,5.6,5.8,Marketing
EMP001,2025-12-13 14:50:44.959016,2025-12-13,Calm,5.0,4.6,Operations
EMP001,2025-12-14 14:50:44.959016,2025-12-14,Calm,4.6,3.9,HR
EMP001,2025-12-15 14:50:44.959016,2025-12-15,Calm,5.1,6.3,Sales
EMP001,2025-12-16 14:50:44.959016,2025-12-16,Neutral,4.8,3.6,Operations
EMP001,2025-12-17 14:50:44.959016,2025-12-17,Neutral,7.6,8.9,Marketing
EMP001,2025-12-18 14:50:44.959016,2025-12-18,Tired,7.6,9.2,Operations
EMP001,2025-12-19 14:50:44.959016,2025-12-19,Neutral,5.2,7.0,Operations
EMP001,2025-12-20 14:50:44.959016,2025-12-20,Calm,5.0,6.4,Marketing
EMP001,2025-12-21 14:50:44.959016,2025-12-21,Calm,5.7,5.8,HR
EMP001,2025-12-22 14:50:44.959016,2025-12-22,Calm,4.8,6.2,Marketing
EMP001,2025-12-23 14:50:44.959016,2025-12-23,Calm,4.9,5.9,Engineering
EMP001,2025-12-24 14:50:44.959016,2025-12-24,Tired,6.2,6.0,Marketing
EMP001,2025-12-25 14:50:44.959016,2025-12-25,Tired,7.6,6.6,HR
EMP001,2025-12-26 14:50:44.959016,2025-12-26,Neutral,7.4,8.8,Engineering
EMP001,2025-12-27 14:50:44.959016,2025-12-27,Tired,6.5,5.7,Sales
EMP001,2025-12-28 14:50:44.959016,2025-12-28,Stressed,8.1,7.5,HR
EMP001,2025-12-29 14:50:44.959016,2025-12-29,Tired,6.9,7.6,Engineering
EMP001,2025-12-30 14:50:44.959016,2025-12-30,Tired,7.9,6.1,Engineering
EMP001,2025-12-31 14:50:44.959016,2025-12-31,Stressed,8.1,8.6,Engineering
EMP001,2026-01-01 14:50:44.959016,2026-01-01,Neutral,7.1,6.7,Marketing
EMP001,2026-01-02 14:50:44.959016,2026-01-02,Calm,4.9,5.5,Engineering
EMP001,2026-01-03 14:50:44.959016,2026-01-03,Neutral,6.2,6.0,Marketing
EMP001,2026-01-04 14:50:44.959016,2026-01-04,Neutral,5.7,6.7,Marketing
EMP001,2026-01-05 14:50:44.959016,2026-01-05,Calm,4.7,5.3,Engineering
EMP001,2026-01-06 14:50:44.959016,2026-01-06,Calm,4.3,3.0,Sales
EMP001,2026-01-07 14:50:44.959016,2026-01-07,Tired,7.4,7.0,Engineering
EMP001,2026-01-08 14:50:44.959016,2026-01-08,Calm,5.8,4.2,HR
EMP001,2026-01-09 14:50:44.959016,2026-01-09,Neutral,5.0,3.1,Engineering
EMP001,2026-01-10 14:50:44.959016,2026-01-10,Calm,5.7,5.7,Operations
EMP001,2026-01-11 14:50:44.959016,2026-01-11,Calm,5.5,5.7,Marketing
EMP002,2025-10-14 14:50:44.959016,2025-10-14,Neutral,4.6,5.9,Marketing
EMP002,2025-10-15 14:50:44.959016,2025-10-15,Calm,5.7,6.4,HR
EMP002,2025-10-16 14:50:44.959016,2025-10-16,Calm,4.7,6.5,HR
EMP002,2025-10-17 14:50:44.959016,2025-10-17,Neutral,4.2,6.1,Marketing
EMP002,2025-10-18 14:50:44.959016,2025-10-18,Neutral,4.9,4.1,Sales
EMP002,2025-10-19 14:50:44.959016,2025-10-19,Neutral,4.2,4.5,Operations
EMP002,2025-10-20 14:50:44.959016,2025-10-20,Neutral,4.5,5.9,Engineering
EMP002,2025-10-21 14:50:44.959016,2025-10-21,Calm,4.3,4.1,Engineering
EMP002,2025-10-22 14:50:44.959016,2025-10-22,Neutral,6.5,4.6,Marketing
EMP002,2025-10-23 14:50:44.959016,2025-10-23,Calm,5.5,4.7,HR
EMP002,2025-10-24 14:50:44.959016,2025-10-24,Calm,3.8,3.8,Sales
EMP002,2025-10-25 14:50:44.959016,2025-10-25,Happy,3.9,5.5,Operations
EMP002,2025-10-26 14:50:44.959016,2025-10-26,Tired,6.3,6.5,HR
EMP002,2025-10-27 14:50:44.959016,2025-10-27,Calm,5.6,6.4,Marketing
EMP002,2025-10-28 14:50:44.959016,2025-10-28,Calm,5.8,7.0,Operations
EMP002,2025-10-29 14:50:44.959016,2025-10-29,Tired,7.8,6.4,HR
EMP002,2025-10-30 14:50:44.959016,2025-10-30,Tired,7.2,8.1,Marketing
EMP002,2025-10-31 14:50:44.959016,2025-10-31,Neutral,7.0,8.9,Sales
EMP002,2025-11-01 14:50:44.959016,2025-11-01,Happy,3.3,4.7,Operations
EMP002,2025-11-02 14:50:44.959016,2025-11-02,Happy,3.6,4.7,Marketing
EMP002,2025-11-03 14:50:44.959016,2025-11-03,Calm,3.9,3.4,HR
EMP002,2025-11-04 14:50:44.959016,2025-11-04,Neutral,4.0,3.2,Sales
EMP002,2025-11-05 14:50:44.959016,2025-11-05,Calm,5.9,6.0,Operations
EMP002,2025-11-06 14:50:44.959016,2025-11-06,Neutral,6.2,4.4,HR
EMP002,2025-11-07 14:50:44.959016,2025-11-07,Neutral,4.6,5.2,Engineering
EMP002,2025-11-08 14:50:44.959016,2025-11-08,Calm,4.7,6.4,Marketing
EMP002,2025-11-09 14:50:44.959016,2025-11-09,Calm,3.8,5.6,Engineering
EMP002,2025-11-10 14:50:44.959016,2025-11-10,Neutral,4.0,3.3,Marketing
EMP002,2025-11-11 14:50:44.959016,2025-11-11,Calm,4.6,4.8,Sales
EMP002,2025-11-12 14:50:44.959016,2025-11-12,Calm,5.7,3.9,Sales
EMP002,2025-11-13 14:50:44.959016,2025-11-13,Calm,5.3,5.2,Operations
EMP002,2025-11-14 14:50:44.959016,2025-11-14,Calm,3.6,4.3,Engineering
EMP002,2025-11-15 14:50:44.959016,2025-11-15,Neutral,4.7,4.6,Marketing
EMP002,2025-11-16 14:50:44.959016,2025-11-16,Happy,3.9,5.2,Operations
EMP002,2025-11-17 14:50:44.959016,2025-11-17,Happy,3.5,2.1,HR
EMP002,2025-11-18 14:50:44.959016,2025-11-18,Calm,3.8,4.0,HR
EMP002,2025-11-19 14:50:44.959016,2025-11-19,Tired,6.0,7.0,Marketing
EMP002,2025-11-20 14:50:44.959016,2025-11-20,Tired,6.4,6.3,HR
EMP002,2025-11-21 14:50:44.959016,2025-11-21,Calm,4.3,3.0,Marketing
EMP002,2025-11-22 14:50:44.959016,2025-11-22,Happy,3.4,2.1,Operations
EMP002,2025-11-23 14:50:44.959016,2025-11-23,Happy,3.2,2.3,Marketing
EMP002,2025-11-24 14:50:44.959016,2025-11-24,Calm,3.6,2.4,Marketing
EMP002,2025-11-25 14:50:44.959016,2025-11-25,Neutral,4.5,4.7,Engineering
EMP002,2025-11-26 14:50:44.959016,2025-11-26,Tired,8.3,8.7,HR
EMP002,2025-11-27 14:50:44.959016,2025-11-27,Tired,7.9,9.2,Marketing
EMP002,2025-11-28 14:50:44.959016,2025-11-28,Calm,5.2,6.6,Sales
EMP002,2025-11-29 14:50:44.959016,2025-11-29,Calm,5.6,6.1,Operations
EMP002,2025-11-30 14:50:44.959016,2025-11-30,Calm,5.2,6.4,Engineering
EMP002,2025-12-01 14:50:44.959016,2025-12-01,Happy,3.2,3.8,HR
EMP002,2025-12-02 14:50:44.959016,2025-12-02,Neutral,5.0,5.8,Sales
EMP002,2025-12-03 14:50:44.959016,2025-12-03,Tired,6.2,7.2,Sales
EMP002,2025-12-04 14:50:44.959016,2025-12-04,Neutral,5.8,7.0,Sales
EMP002,2025-12-05 14:50:44.959016,2025-12-05,Happy,3.3,4.4,Engineering
EMP002,2025-12-06 14:50:44.959016,2025-12-06,Neutral,5.1,7.1,Sales
EMP002,2025-12-07 14:50:44.959016,2025-12-07,Calm,4.9,3.4,Sales
EMP002,2025-12-08 14:50:44.959016,2025-12-08,Neutral,4.4,2.4,Engineering
EMP002,2025-12-09 14:50:44.959016,2025-12-09,Calm,5.0,6.3,Sales
EMP002,2025-12-10 14:50:44.959016,2025-12-10,Neutral,5.3,5.3,Marketing
EMP002,2025-12-11 14:50:44.959016,2025-12-11,Calm,5.7,4.0,Engineering
EMP002,2025-12-12 14:50:44.959016,2025-12-12,Neutral,5.0,6.2,Sales
EMP002,2025-12-13 14:50:44.959016,2025-12-13,Calm,4.3,2.9,Operations
EMP002,2025-12-14 14:50:44.959016,2025-12-14,Neutral,4.6,3.5,HR
EMP002,2025-12-15 14:50:44.959016,2025-12-15,Calm,3.9,4.1,Operations
EMP002,2025-12-16 14:50:44.959016,2025-12-16,Happy,3.8,3.7,Marketing
EMP002,2025-12-17 14:50:44.959016,2025-12-17,Tired,6.1,5.2,HR
EMP002,2025-12-18 14:50:44.959016,2025-12-18,Tired,6.6,6.5,Operations
EMP002,2025-12-19 14:50:44.959016,2025-12-19,Neutral,4.3,5.0,Marketing
EMP002,2025-12-20 14:50:44.959016,2025-12-20,Calm,4.7,4.8,HR
EMP002,2025-12-21 14:50:44.959016,2025-12-21,Calm,4.6,4.1,HR
EMP002,2025-12-22 14:50:44.959016,2025-12-22,Neutral,5.0,4.0,Engineering
EMP002,2025-12-23 14:50:44.959016,2025-12-23,Neutral,5.1,3.7,HR
EMP002,2025-12-24 14:50:44.959016,2025-12-24,Neutral,5.3,5.7,HR
EMP002,2025-12-25 14:50:44.959016,2025-12-25,Calm,5.5,3.7,Operations
EMP002,2025-12-26 14:50:44.959016,2025-12-26,Neutral,6.3,6.8,Engineering
EMP002,2025-12-27 14:50:44.959016,2025-12-27,Calm,5.4,3.7,HR
EMP002,2025-12-28 14:50:44.959016,2025-12-28,Neutral,5.6,5.0,Operations
EMP002,2025-12-29 14:50:44.959016,2025-12-29,Calm,5.8,5.4,Marketing
EMP002,2025-12-30 14:50:44.959016,2025-12-30,Tired,6.8,8.4,Operations
EMP002,2025-12-31 14:50:44.959016,2025-12-31,Neutral,7.6,5.7,HR
EMP002,2026-01-01 14:50:44.959016,2026-01-01,Calm,5.7,7.4,Operations
EMP002,2026-01-02 14:50:44.959016,2026-01-02,Neutral,4.7,5.4,Marketing
EMP002,2026-01-03 14:50:44.959016,2026-01-03,Calm,4.8,3.8,Operations
EMP002,2026-01-04 14:50:44.959016,2026-01-04,Happy,3.8,5.7,HR
EMP002,2026-01-05 14:50:44.959016,2026-01-05,Calm,4.8,4.5,Marketing
EMP002,2026-01-06 14:50:44.959016,2026-01-06,Neutral,4.1,5.3,Engineering
EMP002,2026-01-07 14:50:44.959016,2026-01-07,Calm,5.5,3.9,Marketing
EMP002,2026-01-08 14:50:44.959016,2026-01-08,Calm,5.5,5.9,Marketing
EMP002,2026-01-09 14:50:44.959016,2026-01-09,Calm,5.1,5.4,HR
EMP002,2026-01-10 14:50:44.959016,2026-01-10,Neutral,4.7,5.6,Sales
EMP002,2026-01-11 14:50:44.959016,2026-01-11,Calm,5.0,6.5,Engineering
EMP003,2025-10-14 14:50:44.959016,2025-10-14,Neutral,4.7,4.3,Marketing
EMP003,2025-10-15 14:50:44.959016,2025-10-15,Neutral,6.1,7.8,HR
EMP003,2025-10-16 14:50:44.959016,2025-10-16,Neutral,6.0,7.3,HR
EMP003,2025-10-17 14:50:44.959016,2025-10-17,Neutral,4.5,2.6,Operations
EMP003,2025-10-18 14:50:44.959016,2025-10-18,Calm,4.7,5.0,Sales
EMP003,2025-10-19 14:50:44.959016,2025-10-19,Calm,4.8,4.7,Engineering
EMP003,2025-10-20 14:50:44.959016,2025-10-20,Calm,4.6,2.9,Engineering
EMP003,2025-10-21 14:50:44.959016,2025-10-21,Neutral,4.7,4.4,Operations
EMP003,2025-10-22 14:50:44.959016,2025-10-22,Calm,5.5,6.8,HR
EMP003,2025-10-23 14:50:44.959016,2025-10-23,Calm,5.8,3.9,Marketing
EMP003,2025-10-24 14:50:44.959016,2025-10-24,Calm,4.6,5.5,Marketing
EMP003,2025-10-25 14:50:44.959016,2025-10-25,Happy,3.4,3.5,Marketing
EMP003,2025-10-26 14:50:44.959016,2025-10-26,Neutral,5.7,5.5,Marketing
EMP003,2025-10-27 14:50:44.959016,2025-10-27,Tired,6.3,6.8,Operations
EMP003,2025-10-28 14:50:44.959016,2025-10-28,Neutral,6.8,5.4,Engineering
EMP003,2025-10-29 14:50:44.959016,2025-10-29,Tired,7.8,6.0,HR
EMP003,2025-10-30 14:50:44.959016,2025-10-30,Tired,8.2,6.9,Marketing
EMP003,2025-10-31 14:50:44.959016,2025-10-31,Calm,5.8,6.1,Sales
EMP003,2025-11-01 14:50:44.959016,2025-11-01,Happy,3.6,2.5,Operations
EMP003,2025-11-02 14:50:44.959016,2025-11-02,Calm,3.4,4.7,Sales
EMP003,2025-11-03 14:50:44.959016,2025-11-03,Happy,3.4,3.5,Operations
EMP003,2025-11-04 14:50:44.959016,2025-11-04,Neutral,4.4,3.0,Engineering
EMP003,2025-11-05 14:50:44.959016,2025-11-05,Calm,5.3,7.0,Engineering
EMP003,2025-11-06 14:50:44.959016,2025-11-06,Calm,5.7,5.2,Sales
EMP003,2025-11-07 14:50:44.959016,2025-11-07,Neutral,4.2,4.3,Marketing
EMP003,2025-11-08 14:50:44.959016,2025-11-08,Neutral,4.3,5.3,Operations
EMP003,2025-11-09 14:50:44.959016,2025-11-09,Happy,3.9,5.8,Marketing
EMP003,2025-11-10 14:50:44.959016,2025-11-10,Calm,4.3,5.3,Sales
EMP003,2025-11-11 14:50:44.959016,2025-11-11,Calm,3.9,4.7,Engineering
EMP003,2025-11-12 14:50:44.959016,2025-11-12,Tired,6.5,6.0,HR
EMP003,2025-11-13 14:50:44.959016,2025-11-13,Neutral,5.8,7.6,HR
EMP003,2025-11-14 14:50:44.959016,2025-11-14,Calm,3.1,5.0,Marketing
EMP003,2025-11-15 14:50:44.959016,2025-11-15,Calm,4.6,5.7,Operations
EMP003,2025-11-16 14:50:44.959016,2025-11-16,Calm,4.8,5.4,Marketing
EMP003,2025-11-17 14:50:44.959016,2025-11-17,Happy,3.5,5.3,Sales
EMP003,2025-11-18 14:50:44.959016,2025-11-18,Calm,4.2,3.9,Engineering
EMP003,2025-11-19 14:50:44.959016,2025-11-19,Tired,6.2,6.8,HR
EMP003,2025-11-20 14:50:44.959016,2025-11-20,Neutral,4.6,3.5,HR
EMP003,2025-11-21 14:50:44.959016,2025-11-21,Neutral,4.1,5.5,Sales
EMP003,2025-11-22 14:50:44.959016,2025-11-22,Neutral,4.9,3.5,Sales
EMP003,2025-11-23 14:50:44.959016,2025-11-23,Happy,3.6,2.0,HR
EMP003,2025-11-24 14:50:44.959016,2025-11-24,Neutral,4.3,2.6,HR
EMP003,2025-11-25 14:50:44.959016,2025-11-25,Calm,4.7,2.9,Engineering
EMP003,2025-11-26 14:50:44.959016,2025-11-26,Tired,6.7,6.8,Operations
EMP003,2025-11-27 14:50:44.959016,2025-11-27,Tired,7.0,6.3,Sales
EMP003,2025-11-28 14:50:44.959016,2025-11-28,Neutral,5.2,3.2,Engineering
EMP003,2025-11-29 14:50:44.959016,2025-11-29,Neutral,5.1,6.9,Sales
EMP003,2025-11-30 14:50:44.959016,2025-11-30,Neutral,6.5,7.4,Marketing
EMP003,2025-12-01 14:50:44.959016,2025-12-01,Neutral,4.7,6.5,Operations
EMP003,2025-12-02 14:50:44.959016,2025-12-02,Calm,3.3,4.9,Operations
EMP003,2025-12-03 14:50:44.959016,2025-12-03,Neutral,5.1,3.6,Engineering
EMP003,2025-12-04 14:50:44.959016,2025-12-04,Neutral,4.6,3.6,Engineering
EMP003,2025-12-05 14:50:44.959016,2025-12-05,Neutral,4.5,6.3,Operations
EMP003,2025-12-06 14:50:44.959016,2025-12-06,Calm,3.4,3.4,HR
EMP003,2025-12-07 14:50:44.959016,2025-12-07,Calm,3.7,2.4,Marketing
EMP003,2025-12-08 14:50:44.959016,2025-12-08,Calm,4.5,5.5,Operations
EMP003,2025-12-09 14:50:44.959016,2025-12-09,Happy,3.4,2.9,Operations
EMP003,2025-12-10 14:50:44.959016,2025-12-10,Tired,6.4,6.9,Engineering
EMP003,2025-12-11 14:50:44.959016,2025-12-11,Neutral,6.3,4.5,Operations
EMP003,2025-12-12 14:50:44.959016,2025-12-12,Calm,4.8,3.9,HR
EMP003,2025-12-13 14:50:44.959016,2025-12-13,Neutral,4.9,5.1,HR
EMP003,2025-12-14 14:50:44.959016,2025-12-14,Calm,4.4,3.3,Marketing
EMP003,2025-12-15 14:50:44.959016,2025-12-15,Calm,3.4,3.4,Engineering
EMP003,2025-12-16 14:50:44.959016,2025-12-16,Calm,3.4,2.0,Marketing
EMP003,2025-12-17 14:50:44.959016,2025-12-17,Neutral,5.7,6.3,Engineering
EMP003,2025-12-18 14:50:44.959016,2025-12-18,Calm,6.0,7.2,Sales
EMP003,2025-12-19 14:50:44.959016,2025-12-19,Neutral,4.7,3.7,HR
EMP003,2025-12-20 14:50:44.959016,2025-12-20,Calm,4.0,4.9,HR
EMP003,2025-12-21 14:50:44.959016,2025-12-21,Calm,3.3,2.4,Sales
EMP003,2025-12-22 14:50:44.959016,2025-12-22,Neutral,4.2,5.9,Engineering
EMP003,2025-12-23 14:50:44.959016,2025-12-23,Calm,4.0,5.6,HR
EMP003,2025-12-24 14:50:44.959016,2025-12-24,Calm,5.5,5.4,Marketing
EMP003,2025-12-25 14:50:44.959016,2025-12-25,Neutral,5.8,4.4,Sales
EMP003,2025-12-26 14:50:44.959016,2025-12-26,Calm,5.7,5.5,HR
EMP003,2025-12-27 14:50:44.959016,2025-12-27,Neutral,5.5,4.7,Operations
EMP003,2025-12-28 14:50:44.959016,2025-12-28,Calm,5.1,5.2,Operations
EMP003,2025-12-29 14:50:44.959016,2025-12-29,Tired,6.6,5.7,Engineering
EMP003,2025-12-30 14:50:44.959016,2025-12-30,Tired,6.1,7.7,Engineering
EMP003,2025-12-31 14:50:44.959016,2025-12-31,Neutral,7.0,6.2,Marketing
EMP003,2026-01-01 14:50:44.959016,2026-01-01,Neutral,4.6,4.7,Engineering
EMP003,2026-01-02 14:50:44.959016,2026-01-02,Calm,3.8,4.9,Operations
EMP003,2026-01-03 14:50:44.959016,2026-01-03,Happy,3.7,3.4,Marketing
EMP003,2026-01-04 14:50:44.959016,2026-01-04,Calm,4.6,3.1,Sales
EMP003,2026-01-05 14:50:44.959016,2026-01-05,Neutral,4.7,3.0,Sales
EMP003,2026-01-06 14:50:44.959016,2026-01-06,Happy,4.0,4.2,HR
EMP003,2026-01-07 14:50:44.959016,2026-01-07,Calm,6.0,7.6,Operations
EMP003,2026-01-08 14:50:44.959016,2026-01-08,Neutral,5.9,7.0,Sales
EMP003,2026-01-09 14:50:44.959016,2026-01-09,Calm,4.4,3.7,HR
EMP003,2026-01-10 14:50:44.959016,2026-01-10,Calm,4.5,3.6,Sales
EMP003,2026-01-11 14:50:44.959016,2026-01-11,Neutral,4.6,5.2,Marketing
EMP004,2025-10-14 14:50:44.959016,2025-10-14,Tired,6.5,7.0,Engineering
EMP004,2025-10-15 14:50:44.959016,2025-10-15,Neutral,7.9,6.0,Operations
EMP004,2025-10-16 14:50:44.959016,2025-10-16,Tired,7.3,8.0,Sales
EMP004,2025-10-17 14:50:44.959016,2025-10-17,Neutral,6.0,5.1,Sales
EMP004,2025-10-18 14:50:44.959016,2025-10-18,Neutral,6.5,6.1,Sales
EMP004,2025-10-19 14:50:44.959016,2025-10-19,Tired,6.7,8.4,HR
EMP004,2025-10-20 14:50:44.959016,2025-10-20,Tired,6.6,6.6,Engineering
EMP004,2025-10-21 14:50:44.959016,2025-10-21,Tired,6.8,7.4,HR
EMP004,2025-10-22 14:50:44.959016,2025-10-22,Tired,8.8,9.5,Marketing
EMP004,2025-10-23 14:50:44.959016,2025-10-23,Tired,7.1,8.5,Marketing
EMP004,2025-10-24 14:50:44.959016,2025-10-24,Tired,6.2,5.0,HR
EMP004,2025-10-25 14:50:44.959016,2025-10-25,Tired,6.7,8.5,Marketing
EMP004,2025-10-26 14:50:44.959016,2025-10-26,Tired,8.9,8.3,HR
EMP004,2025-10-27 14:50:44.959016,2025-10-27,Tired,9.3,8.8,Marketing
EMP004,2025-10-28 14:50:44.959016,2025-10-28,Stressed,9.4,7.8,HR
EMP004,2025-10-29 14:50:44.959016,2025-10-29,Tired,10.0,10.0,Marketing
EMP004,2025-10-30 14:50:44.959016,2025-10-30,Tired,9.8,8.6,HR
EMP004,2025-10-31 14:50:44.959016,2025-10-31,Tired,9.1,10.0,Marketing
EMP004,2025-11-01 14:50:44.959016,2025-11-01,Neutral,5.7,3.9,Sales
EMP004,2025-11-02 14:50:44.959016,2025-11-02,Tired,6.3,7.3,Operations
EMP004,2025-11-03 14:50:44.959016,2025-11-03,Calm,5.5,4.9,Operations
EMP004,2025-11-04 14:50:44.959016,2025-11-04,Tired,7.3,8.7,Marketing
EMP004,2025-11-05 14:50:44.959016,2025-11-05,Tired,7.5,8.0,Engineering
EMP004,2025-11-06 14:50:44.959016,2025-11-06,Tired,7.4,7.7,Marketing
EMP004,2025-11-07 14:50:44.959016,2025-11-07,Calm,5.6,6.1,Sales
EMP004,2025-11-08 14:50:44.959016,2025-11-08,Tired,6.9,6.1,HR
EMP004,2025-11-09 14:50:44.959016,2025-11-09,Neutral,7.2,8.8,Sales
EMP004,2025-11-10 14:50:44.959016,2025-11-10,Tired,6.9,7.4,HR
EMP004,2025-11-11 14:50:44.959016,2025-11-11,Tired,6.4,6.5,HR
EMP004,2025-11-12 14:50:44.959016,2025-11-12,Stressed,8.6,9.3,Operations
EMP004,2025-11-13 14:50:44.959016,2025-11-13,Stressed,9.0,10.0,Sales
EMP004,2025-11-14 14:50:44.959016,2025-11-14,Tired,7.0,5.3,Marketing
EMP004,2025-11-15 14:50:44.959016,2025-11-15,Neutral,6.0,4.4,Engineering
EMP004,2025-11-16 14:50:44.959016,2025-11-16,Tired,7.4,6.0,Sales
EMP004,2025-11-17 14:50:44.959016,2025-11-17,Neutral,6.1,5.0,Sales
EMP004,2025-11-18 14:50:44.959016,2025-11-18,Neutral,5.9,6.8,HR
EMP004,2025-11-19 14:50:44.959016,2025-11-19,Tired,8.2,10.0,HR
EMP004,2025-11-20 14:50:44.959016,2025-11-20,Stressed,8.3,9.0,Operations
EMP004,2025-11-21 14:50:44.959016,2025-11-21,Tired,6.3,4.9,HR
EMP004,2025-11-22 14:50:44.959016,2025-11-22,Neutral,5.8,5.4,Sales
EMP004,2025-11-23 14:50:44.959016,2025-11-23,Tired,6.7,5.5,Marketing
EMP004,2025-11-24 14:50:44.959016,2025-11-24,Neutral,6.6,6.1,Sales
EMP004,2025-11-25 14:50:44.959016,2025-11-25,Neutral,6.7,7.7,Sales
EMP004,2025-11-26 14:50:44.959016,2025-11-26,Tired,9.6,10.0,Marketing
EMP004,2025-11-27 14:50:44.959016,2025-11-27,Stressed,9.9,9.2,Marketing
EMP004,2025-11-28 14:50:44.959016,2025-11-28,Stressed,8.3,6.6,Sales
EMP004,2025-11-29 14:50:44.959016,2025-11-29,Stressed,8.8,9.1,Sales
EMP004,2025-11-30 14:50:44.959016,2025-11-30,Stressed,9.2,8.1,Marketing
EMP004,2025-12-01 14:50:44.959016,2025-12-01,Neutral,6.6,5.5,HR
EMP004,2025-12-02 14:50:44.959016,2025-12-02,Neutral,6.3,6.3,Engineering
EMP004,2025-12-03 14:50:44.959016,2025-12-03,Neutral,7.6,7.7,Marketing
EMP004,2025-12-04 14:50:44.959016,2025-12-04,Tired,8.9,10.0,Sales
EMP004,2025-12-05 14:50:44.959016,2025-12-05,Neutral,5.9,6.5,HR
EMP004,2025-12-06 14:50:44.959016,2025-12-06,Tired,7.2,8.6,Marketing
EMP004,2025-12-07 14:50:44.959016,2025-12-07,Neutral,7.5,8.6,Engineering
EMP004,2025-12-08 14:50:44.959016,2025-12-08,Tired,6.1,7.2,HR
EMP004,2025-12-09 14:50:44.959016,2025-12-09,Neutral,6.6,7.9,Marketing
EMP004,2025-12-10 14:50:44.959016,2025-12-10,Stressed,9.0,7.4,Marketing
EMP004,2025-12-11 14:50:44.959016,2025-12-11,Tired,8.7,8.6,Sales
EMP004,2025-12-12 14:50:44.959016,2025-12-12,Tired,6.5,4.7,Sales
EMP004,2025-12-13 14:50:44.959016,2025-12-13,Neutral,7.4,8.7,Marketing
EMP004,2025-12-14 14:50:44.959016,2025-12-14,Calm,5.7,6.1,Operations
EMP004,2025-12-15 14:50:44.959016,2025-12-15,Calm,5.6,5.6,HR
EMP004,2025-12-16 14:50:44.959016,2025-12-16,Tired,7.2,8.9,Marketing
EMP004,2025-12-17 14:50:44.959016,2025-12-17,Tired,7.7,6.5,Sales
EMP004,2025-12-18 14:50:44.959016,2025-12-18,Stressed,8.4,7.9,Operations
EMP004,2025-12-19 14:50:44.959016,2025-12-19,Neutral,5.9,4.0,Engineering
EMP004,2025-12-20 14:50:44.959016,2025-12-20,Tired,6.4,7.2,Marketing
EMP004,2025-12-21 14:50:44.959016,2025-12-21,Calm,5.9,4.4,HR
EMP004,2025-12-22 14:50:44.959016,2025-12-22,Neutral,6.8,8.0,Engineering
EMP004,2025-12-23 14:50:44.959016,2025-12-23,Tired,6.5,6.9,Operations
EMP004,2025-12-24 14:50:44.959016,2025-12-24,Neutral,7.6,9.4,Sales
EMP004,2025-12-25 14:50:44.959016,2025-12-25,Stressed,8.6,8.4,Marketing
EMP004,2025-12-26 14:50:44.959016,2025-12-26,Tired,7.5,8.3,HR
EMP004,2025-12-27 14:50:44.959016,2025-12-27,Tired,7.7,7.3,HR
EMP004,2025-12-28 14:50:44.959016,2025-12-28,Stressed,9.0,8.3,Engineering
EMP004,2025-12-29 14:50:44.959016,2025-12-29,Tired,8.3,7.2,Engineering
EMP004,2025-12-30 14:50:44.959016,2025-12-30,Tired,7.8,7.1,Marketing
EMP004,2025-12-31 14:50:44.959016,2025-12-31,Stressed,9.8,8.7,Operations
EMP004,2026-01-01 14:50:44.959016,2026-01-01,Stressed,8.9,7.1,Marketing
EMP004,2026-01-02 14:50:44.959016,2026-01-02,Tired,6.2,6.7,Engineering
EMP004,2026-01-03 14:50:44.959016,2026-01-03,Tired,7.1,5.7,Sales
EMP004,2026-01-04 14:50:44.959016,2026-01-04,Neutral,5.8,6.7,HR
EMP004,2026-01-05 14:50:44.959016,2026-01-05,Neutral,7.1,5.3,Operations
EMP004,2026-01-06 14:50:44.959016,2026-01-06,Neutral,5.8,5.5,HR
EMP004,2026-01-07 14:50:44.959016,2026-01-07,Stressed,8.9,7.2,Marketing
EMP004,2026-01-08 14:50:44.959016,2026-01-08,Tired,7.1,7.8,Marketing
EMP004,2026-01-09 14:50:44.959016,2026-01-09,Tired,7.3,6.1,HR
EMP004,2026-01-10 14:50:44.959016,2026-01-10,Tired,6.5,5.5,HR
EMP004,2026-01-11 14:50:44.959016,2026-01-11,Calm,6.0,5.7,HR
EMP005,2025-10-14 14:50:44.959016,2025-10-14,Neutral,5.3,4.6,Sales
EMP005,2025-10-15 14:50:44.959016,2025-10-15,Neutral,6.9,6.2,HR
EMP005,2025-10-16 14:50:44.959016,2025-10-16,Neutral,5.6,6.4,Sales
EMP005,2025-10-17 14:50:44.959016,2025-10-17,Neutral,4.7,5.7,Sales
EMP005,2025-10-18 14:50:44.959016,2025-10-18,Neutral,4.1,5.5,Engineering
EMP005,2025-10-19 14:50:44.959016,2025-10-19,Calm,3.7,2.0,Sales
EMP005,2025-10-20 14:50:44.959016,2025-10-20,Happy,3.8,3.3,Marketing
EMP005,2025-10-21 14:50:44.959016,2025-10-21,Neutral,4.9,4.8,Operations
EMP005,2025-10-22 14:50:44.959016,2025-10-22,Tired,6.7,6.4,HR
EMP005,2025-10-23 14:50:44.959016,2025-10-23,Neutral,6.0,6.0,Marketing
EMP005,2025-10-24 14:50:44.959016,2025-10-24,Calm,5.3,6.0,Sales
EMP005,2025-10-25 14:50:44.959016,2025-10-25,Neutral,5.5,6.1,Sales
EMP005,2025-10-26 14:50:44.959016,2025-10-26,Tired,7.1,5.3,Marketing
EMP005,2025-10-27 14:50:44.959016,2025-10-27,Calm,5.9,4.5,Marketing
EMP005,2025-10-28 14:50:44.959016,2025-10-28,Neutral,6.6,4.7,Marketing
EMP005,2025-10-29 14:50:44.959016,2025-10-29,Stressed,8.3,9.3,Engineering
EMP005,2025-10-30 14:50:44.959016,2025-10-30,Stressed,8.9,10.0,Marketing
EMP005,2025-10-31 14:50:44.959016,2025-10-31,Tired,6.2,6.1,Sales
EMP005,2025-11-01 14:50:44.959016,2025-11-01,Neutral,4.2,5.9,Engineering
EMP005,2025-11-02 14:50:44.959016,2025-11-02,Calm,3.8,2.5,Sales
EMP005,2025-11-03 14:50:44.959016,2025-11-03,Neutral,5.1,6.4,HR
EMP005,2025-11-04 14:50:44.959016,2025-11-04,Neutral,5.1,6.9,Engineering
EMP005,2025-11-05 14:50:44.959016,2025-11-05,Neutral,6.5,8.0,Sales
EMP005,2025-11-06 14:50:44.959016,2025-11-06,Neutral,5.7,4.6,Marketing
EMP005,2025-11-07 14:50:44.959016,2025-11-07,Calm,4.7,5.8,Marketing
EMP005,2025-11-08 14:50:44.959016,2025-11-08,Calm,4.3,3.8,Sales
EMP005,2025-11-09 14:50:44.959016,2025-11-09,Happy,3.8,3.9,Marketing
EMP005,2025-11-10 14:50:44.959016,2025-11-10,Neutral,4.1,2.4,HR
EMP005,2025-11-11 14:50:44.959016,2025-11-11,Calm,5.4,4.2,Sales
EMP005,2025-11-12 14:50:44.959016,2025-11-12,Neutral,6.3,5.9,Sales
EMP005,2025-11-13 14:50:44.959016,2025-11-13,Calm,5.4,7.3,Marketing
EMP005,2025-11-14 14:50:44.959016,2025-11-14,Neutral,4.8,6.6,Marketing
EMP005,2025-11-15 14:50:44.959016,2025-11-15,Neutral,4.2,3.1,HR
EMP005,2025-11-16 14:50:44.959016,2025-11-16,Neutral,5.0,4.7,Marketing
EMP005,2025-11-17 14:50:44.959016,2025-11-17,Neutral,4.4,4.8,HR
EMP005,2025-11-18 14:50:44.959016,2025-11-18,Neutral,4.2,5.5,HR
EMP005,2025-11-19 14:50:44.959016,2025-11-19,Tired,6.2,6.7,Sales
EMP005,2025-11-20 14:50:44.959016,2025-11-20,Tired,6.4,6.6,Sales
EMP005,2025-11-21 14:50:44.959016,2025-11-21,Calm,4.6,5.9,Operations
EMP005,2025-11-22 14:50:44.959016,2025-11-22,Calm,4.5,2.9,Engineering
EMP005,2025-11-23 14:50:44.959016,2025-11-23,Calm,5.1,5.3,Sales
EMP005,2025-11-24 14:50:44.959016,2025-11-24,Calm,5.2,7.0,Engineering
EMP005,2025-11-25 14:50:44.959016,2025-11-25,Neutral,4.1,3.4,Marketing
EMP005,2025-11-26 14:50:44.959016,2025-11-26,Tired,7.2,6.1,Operations
EMP005,2025-11-27 14:50:44.959016,2025-11-27,Stressed,8.9,9.5,Operations
EMP005,2025-11-28 14:50:44.959016,2025-11-28,Neutral,5.9,6.7,Operations
EMP005,2025-11-29 14:50:44.959016,2025-11-29,Tired,6.7,7.8,Marketing
EMP005,2025-11-30 14:50:44.959016,2025-11-30,Tired,7.4,6.2,Marketing
EMP005,2025-12-01 14:50:44.959016,2025-12-01,Neutral,5.5,6.4,Sales
EMP005,2025-12-02 14:50:44.959016,2025-12-02,Neutral,4.2,2.9,Engineering
EMP005,2025-12-03 14:50:44.959016,2025-12-03,Tired,6.5,4.7,Engineering
EMP005,2025-12-04 14:50:44.959016,2025-12-04,Tired,6.1,4.9,Operations
EMP005,2025-12-05 14:50:44.959016,2025-12-05,Neutral,5.5,5.4,Marketing
EMP005,2025-12-06 14:50:44.959016,2025-12-06,Neutral,4.8,3.9,HR
EMP005,2025-12-07 14:50:44.959016,2025-12-07,Happy,4.0,4.7,Sales
EMP005,2025-12-08 14:50:44.959016,2025-12-08,Calm,4.2,2.5,Sales
EMP005,2025-12-09 14:50:44.959016,2025-12-09,Neutral,5.1,5.4,HR
EMP005,2025-12-10 14:50:44.959016,2025-12-10,Tired,6.1,5.6,Engineering
EMP005,2025-12-11 14:50:44.959016,2025-12-11,Calm,5.7,6.1,HR
EMP005,2025-12-12 14:50:44.959016,2025-12-12,Happy,3.7,4.9,HR
EMP005,2025-12-13 14:50:44.959016,2025-12-13,Calm,4.2,5.2,Marketing
EMP005,2025-12-14 14:50:44.959016,2025-12-14,Neutral,4.1,3.5,HR
EMP005,2025-12-15 14:50:44.959016,2025-12-15,Calm,4.4,5.8,Marketing
EMP005,2025-12-16 14:50:44.959016,2025-12-16,Neutral,4.4,3.9,Operations
EMP005,2025-12-17 14:50:44.959016,2025-12-17,Neutral,5.9,6.2,Operations
EMP005,2025-12-18 14:50:44.959016,2025-12-18,Neutral,5.2,3.6,Operations
EMP005,2025-12-19 14:50:44.959016,2025-12-19,Neutral,4.8,4.4,Engineering
EMP005,2025-12-20 14:50:44.959016,2025-12-20,Neutral,5.1,6.6,Operations
EMP005,2025-12-21 14:50:44.959016,2025-12-21,Calm,4.1,4.4,HR
EMP005,2025-12-22 14:50:44.959016,2025-12-22,Neutral,4.3,3.1,Operations
EMP005,2025-12-23 14:50:44.959016,2025-12-23,Neutral,4.7,5.9,Engineering
EMP005,2025-12-24 14:50:44.959016,2025-12-24,Tired,6.7,6.8,Sales
EMP005,2025-12-25 14:50:44.959016,2025-12-25,Calm,5.2,7.1,Operations
EMP005,2025-12-26 14:50:44.959016,2025-12-26,Tired,6.3,5.7,Sales
EMP005,2025-12-27 14:50:44.959016,2025-12-27,Tired,7.3,8.9,HR
EMP005,2025-12-28 14:50:44.959016,2025-12-28,Neutral,5.8,5.4,Engineering
EMP005,2025-12-29 14:50:44.959016,2025-12-29,Neutral,6.8,4.9,Sales
EMP005,2025-12-30 14:50:44.959016,2025-12-30,Tired,6.5,4.7,HR
EMP005,2025-12-31 14:50:44.959016,2025-12-31,Tired,8.7,7.3,HR
EMP005,2026-01-01 14:50:44.959016,2026-01-01,Neutral,5.5,3.9,Sales
EMP005,2026-01-02 14:50:44.959016,2026-01-02,Neutral,4.6,3.2,Sales
EMP005,2026-01-03 14:50:44.959016,2026-01-03,Happy,3.8,4.6,Operations
EMP005,2026-01-04 14:50:44.959016,2026-01-04,Neutral,4.7,5.6,Marketing
EMP005,2026-01-05 14:50:44.959016,2026-01-05,Calm,5.5,4.5,Marketing
EMP005,2026-01-06 14:50:44.959016,2026-01-06,Neutral,4.8,5.4,Marketing
EMP005,2026-01-07 14:50:44.959016,2026-01-07,Tired,6.7,6.9,Sales
EMP005,2026-01-08 14:50:44.959016,2026-01-08,Tired,6.1,7.0,Operations
EMP005,2026-01-09 14:50:44.959016,2026-01-09,Neutral,4.7,3.9,Sales
EMP005,2026-01-10 14:50:44.959016,2026-01-10,Neutral,5.2,6.8,Sales
EMP005,2026-01-11 14:50:44.959016,2026-01-11,Calm,5.4,6.3,Marketing
EMP006,2025-10-14 14:50:44.959016,2025-10-14,Calm,5.7,5.5,Engineering
EMP006,2025-10-15 14:50:44.959016,2025-10-15,Tired,6.6,5.4,Sales
EMP006,2025-10-16 14:50:44.959016,2025-10-16,Neutral,7.1,9.0,Marketing
EMP006,2025-10-17 14:50:44.959016,2025-10-17,Calm,5.2,5.6,HR
EMP006,2025-10-18 14:50:44.959016,2025-10-18,Calm,5.3,4.9,HR
EMP006,2025-10-19 14:50:44.959016,2025-10-19,Neutral,6.4,5.2,Operations
EMP006,2025-10-20 14:50:44.959016,2025-10-20,Tired,6.6,6.6,Sales
EMP006,2025-10-21 14:50:44.959016,2025-10-21,Calm,5.8,6.5,HR
EMP006,2025-10-22 14:50:44.959016,2025-10-22,Tired,7.1,8.8,Marketing
EMP006,2025-10-23 14:50:44.959016,2025-10-23,Tired,6.9,7.7,Operations
EMP006,2025-10-24 14:50:44.959016,2025-10-24,Neutral,6.3,4.8,Marketing
EMP006,2025-10-25 14:50:44.959016,2025-10-25,Tired,6.0,4.6,Operations
EMP006,2025-10-26 14:50:44.959016,2025-10-26,Tired,7.0,5.5,Marketing
EMP006,2025-10-27 14:50:44.959016,2025-10-27,Tired,7.3,5.3,Sales
EMP006,2025-10-28 14:50:44.959016,2025-10-28,Tired,8.6,8.1,Operations
EMP006,2025-10-29 14:50:44.959016,2025-10-29,Stressed,10.0,10.0,Sales
EMP006,2025-10-30 14:50:44.959016,2025-10-30,Stressed,8.6,8.1,Operations
EMP006,2025-10-31 14:50:44.959016,2025-10-31,Tired,8.9,8.5,HR
EMP006,2025-11-01 14:50:44.959016,2025-11-01,Neutral,5.3,4.0,HR
EMP006,2025-11-02 14:50:44.959016,2025-11-02,Tired,6.4,7.4,Engineering
EMP006,2025-11-03 14:50:44.959016,2025-11-03,Calm,5.8,6.6,HR
EMP006,2025-11-04 14:50:44.959016,2025-11-04,Neutral,5.6,4.6,Sales
EMP006,2025-11-05 14:50:44.959016,2025-11-05,Tired,7.8,7.7,Marketing
EMP006,2025-11-06 14:50:44.959016,2025-11-06,Neutral,7.3,7.0,Operations
EMP006,2025-11-07 14:50:44.959016,2025-11-07,Calm,5.3,4.1,Sales
EMP006,2025-11-08 14:50:44.959016,2025-11-08,Neutral,5.0,6.1,HR
EMP006,2025-11-09 14:50:44.959016,2025-11-09,Calm,5.9,5.3,HR
EMP006,2025-11-10 14:50:44.959016,2025-11-10,Tired,6.8,7.9,Engineering
EMP006,2025-11-11 14:50:44.959016,2025-11-11,Neutral,6.2,7.1,Engineering
EMP006,2025-11-12 14:50:44.959016,2025-11-12,Tired,6.7,5.9,Operations
EMP006,2025-11-13 14:50:44.959016,2025-11-13,Stressed,8.4,6.9,Sales
EMP006,2025-11-14 14:50:44.959016,2025-11-14,Tired,6.8,5.5,Operations
EMP006,2025-11-15 14:50:44.959016,2025-11-15,Neutral,5.5,6.6,Sales
EMP006,2025-11-16 14:50:44.959016,2025-11-16,Calm,5.8,5.7,Sales
EMP006,2025-11-17 14:50:44.959016,2025-11-17,Tired,6.9,5.3,Marketing
EMP006,2025-11-18 14:50:44.959016,2025-11-18,Calm,5.4,6.6,Sales
EMP006,2025-11-19 14:50:44.959016,2025-11-19,Stressed,8.4,9.7,Engineering
EMP006,2025-11-20 14:50:44.959016,2025-11-20,Tired,6.7,6.0,Sales
EMP006,2025-11-21 14:50:44.959016,2025-11-21,Tired,6.4,6.5,Marketing
EMP006,2025-11-22 14:50:44.959016,2025-11-22,Calm,5.0,5.8,HR
EMP006,2025-11-23 14:50:44.959016,2025-11-23,Calm,5.9,5.9,Marketing
EMP006,2025-11-24 14:50:44.959016,2025-11-24,Tired,6.9,8.5,Operations
EMP006,2025-11-25 14:50:44.959016,2025-11-25,Calm,5.7,6.4,Sales
EMP006,2025-11-26 14:50:44.959016,2025-11-26,Stressed,9.8,8.7,Operations
EMP006,2025-11-27 14:50:44.959016,2025-11-27,Tired,8.9,9.6,HR
EMP006,2025-11-28 14:50:44.959016,2025-11-28,Tired,8.5,10.0,HR
EMP006,2025-11-29 14:50:44.959016,2025-11-29,Stressed,8.5,9.1,Engineering
EMP006,2025-11-30 14:50:44.959016,2025-11-30,Stressed,8.4,6.6,Sales
EMP006,2025-12-01 14:50:44.959016,2025-12-01,Tired,7.0,7.8,Operations
EMP006,2025-12-02 14:50:44.959016,2025-12-02,Neutral,6.9,6.9,Operations
EMP006,2025-12-03 14:50:44.959016,2025-12-03,Tired,8.2,8.1,Marketing
EMP006,2025-12-04 14:50:44.959016,2025-12-04,Stressed,8.3,8.0,Marketing
EMP006,2025-12-05 14:50:44.959016,2025-12-05,Neutral,5.7,6.1,Operations
EMP006,2025-12-06 14:50:44.959016,2025-12-06,Neutral,5.6,4.8,HR
EMP006,2025-12-07 14:50:44.959016,2025-12-07,Neutral,6.2,6.7,Operations
EMP006,2025-12-08 14:50:44.959016,2025-12-08,Neutral,5.4,7.2,Sales
EMP006,2025-12-09 14:50:44.959016,2025-12-09,Calm,5.4,6.7,Engineering
EMP006,2025-12-10 14:50:44.959016,2025-12-10,Stressed,8.1,6.4,Operations
EMP006,2025-12-11 14:50:44.959016,2025-12-11,Tired,7.1,7.9,Engineering
EMP006,2025-12-12 14:50:44.959016,2025-12-12,Neutral,6.9,6.9,Operations
EMP006,2025-12-13 14:50:44.959016,2025-12-13,Neutral,6.0,5.9,Operations
EMP006,2025-12-14 14:50:44.959016,2025-12-14,Neutral,5.2,5.5,Sales
EMP006,2025-12-15 14:50:44.959016,2025-12-15,Tired,7.0,5.3,Engineering
EMP006,2025-12-16 14:50:44.959016,2025-12-16,Calm,5.2,6.0,HR
EMP006,2025-12-17 14:50:44.959016,2025-12-17,Neutral,6.8,4.8,Engineering
EMP006,2025-12-18 14:50:44.959016,2025-12-18,Neutral,6.9,8.6,Marketing
EMP006,2025-12-19 14:50:44.959016,2025-12-19,Calm,5.6,3.7,Marketing
EMP006,2025-12-20 14:50:44.959016,2025-12-20,Calm,5.9,6.3,Operations
EMP006,2025-12-21 14:50:44.959016,2025-12-21,Calm,5.7,5.8,Marketing
EMP006,2025-12-22 14:50:44.959016,2025-12-22,Calm,5.5,7.0,Engineering
EMP006,2025-12-23 14:50:44.959016,2025-12-23,Calm,5.2,4.4,HR
EMP006,2025-12-24 14:50:44.959016,2025-12-24,Neutral,6.5,7.6,Engineering
EMP006,2025-12-25 14:50:44.959016,2025-12-25,Neutral,6.9,5.7,HR
EMP006,2025-12-26 14:50:44.959016,2025-12-26,Neutral,7.2,8.8,HR
EMP006,2025-12-27 14:50:44.959016,2025-12-27,Tired,7.1,6.6,Sales
EMP006,2025-12-28 14:50:44.959016,2025-12-28,Tired,7.3,7.1,Engineering
EMP006,2025-12-29 14:50:44.959016,2025-12-29,Neutral,7.3,7.4,Engineering
EMP006,2025-12-30 14:50:44.959016,2025-12-30,Tired,8.7,7.2,HR
EMP006,2025-12-31 14:50:44.959016,2025-12-31,Tired,9.6,9.0,HR
EMP006,2026-01-01 14:50:44.959016,2026-01-01,Tired,7.7,8.4,Marketing
EMP006,2026-01-02 14:50:44.959016,2026-01-02,Neutral,6.8,6.4,HR
EMP006,2026-01-03 14:50:44.959016,2026-01-03,Tired,6.7,5.1,Marketing
EMP006,2026-01-04 14:50:44.959016,2026-01-04,Calm,5.8,7.6,Engineering
EMP006,2026-01-05 14:50:44.959016,2026-01-05,Calm,5.8,6.6,HR
EMP006,2026-01-06 14:50:44.959016,2026-01-06,Neutral,6.3,5.1,Engineering
EMP006,2026-01-07 14:50:44.959016,2026-01-07,Neutral,6.7,5.5,Operations
EMP006,2026-01-08 14:50:44.959016,2026-01-08,Neutral,7.2,9.0,Marketing
EMP006,2026-01-09 14:50:44.959016,2026-01-09,Neutral,6.2,5.7,Sales
EMP006,2026-01-10 14:50:44.959016,2026-01-10,Calm,5.1,3.8,Operations
EMP006,2026-01-11 14:50:44.959016,2026-01-11,Neutral,5.2,4.6,Sales
EMP007,2025-10-14 14:50:44.959016,2025-10-14,Calm,4.7,4.5,Operations
EMP007,2025-10-15 14:50:44.959016,2025-10-15,Tired,6.2,5.9,HR
EMP007,2025-10-16 14:50:44.959016,2025-10-16,Neutral,4.7,4.7,Engineering
EMP007,2025-10-17 14:50:44.959016,2025-10-17,Neutral,4.8,5.8,HR
EMP007,2025-10-18 14:50:44.959016,2025-10-18,Happy,3.7,5.5,HR
EMP007,2025-10-19 14:50:44.959016,2025-10-19,Happy,3.5,5.5,HR
EMP007,2025-10-20 14:50:44.959016,2025-10-20,Neutral,4.8,5.6,HR
EMP007,2025-10-21 14:50:44.959016,2025-10-21,Neutral,4.7,6.6,Marketing
EMP007,2025-10-22 14:50:44.959016,2025-10-22,Tired,6.0,8.0,Marketing
EMP007,2025-10-23 14:50:44.959016,2025-10-23,Neutral,5.2,6.3,HR
EMP007,2025-10-24 14:50:44.959016,2025-10-24,Neutral,4.7,4.1,Sales
EMP007,2025-10-25 14:50:44.959016,2025-10-25,Happy,3.4,5.2,Sales
EMP007,2025-10-26 14:50:44.959016,2025-10-26,Calm,5.6,6.1,Operations
EMP007,2025-10-27 14:50:44.959016,2025-10-27,Tired,6.1,5.5,HR
EMP007,2025-10-28 14:50:44.959016,2025-10-28,Neutral,6.6,6.2,Sales
EMP007,2025-10-29 14:50:44.959016,2025-10-29,Tired,6.6,7.4,Engineering
EMP007,2025-10-30 14:50:44.959016,2025-10-30,Tired,6.7,4.8,Operations
EMP007,2025-10-31 14:50:44.959016,2025-10-31,Neutral,7.0,5.7,Sales
EMP007,2025-11-01 14:50:44.959016,2025-11-01,Calm,3.9,2.0,HR
EMP007,2025-11-02 14:50:44.959016,2025-11-02,Calm,4.8,6.2,HR
EMP007,2025-11-03 14:50:44.959016,2025-11-03,Calm,3.1,2.0,Operations
EMP007,2025-11-04 14:50:44.959016,2025-11-04,Calm,3.6,3.6,Sales
EMP007,2025-11-05 14:50:44.959016,2025-11-05,Calm,4.7,4.1,Operations
EMP007,2025-11-06 14:50:44.959016,2025-11-06,Tired,6.5,6.6,Sales
EMP007,2025-11-07 14:50:44.959016,2025-11-07,Happy,3.3,4.5,Engineering
EMP007,2025-11-08 14:50:44.959016,2025-11-08,Calm,3.2,4.6,Engineering
EMP007,2025-11-09 14:50:44.959016,2025-11-09,Neutral,4.5,5.9,HR
EMP007,2025-11-10 14:50:44.959016,2025-11-10,Calm,3.9,2.9,Operations
EMP007,2025-11-11 14:50:44.959016,2025-11-11,Neutral,4.6,5.0,Engineering
EMP007,2025-11-12 14:50:44.959016,2025-11-12,Tired,6.3,5.1,Sales
EMP007,2025-11-13 14:50:44.959016,2025-11-13,Neutral,4.8,4.1,HR
EMP007,2025-11-14 14:50:44.959016,2025-11-14,Calm,4.2,5.6,Sales
EMP007,2025-11-15 14:50:44.959016,2025-11-15,Happy,3.5,5.3,Operations
EMP007,2025-11-16 14:50:44.959016,2025-11-16,Calm,4.0,5.6,Operations
EMP007,2025-11-17 14:50:44.959016,2025-11-17,Happy,3.5,4.0,HR
EMP007,2025-11-18 14:50:44.959016,2025-11-18,Calm,4.4,4.1,Sales
EMP007,2025-11-19 14:50:44.959016,2025-11-19,Neutral,5.7,7.0,Operations
EMP007,2025-11-20 14:50:44.959016,2025-11-20,Neutral,6.0,7.7,Engineering
EMP007,2025-11-21 14:50:44.959016,2025-11-21,Happy,3.4,2.3,Engineering
EMP007,2025-11-22 14:50:44.959016,2025-11-22,Calm,3.2,2.8,Marketing
EMP007,2025-11-23 14:50:44.959016,2025-11-23,Neutral,4.3,2.5,Sales
EMP007,2025-11-24 14:50:44.959016,2025-11-24,Happy,3.3,5.2,HR
EMP007,2025-11-25 14:50:44.959016,2025-11-25,Happy,3.6,4.2,Marketing
EMP007,2025-11-26 14:50:44.959016,2025-11-26,Tired,7.3,5.8,Marketing
EMP007,2025-11-27 14:50:44.959016,2025-11-27,Tired,7.5,6.9,HR
EMP007,2025-11-28 14:50:44.959016,2025-11-28,Calm,5.3,5.0,Marketing
EMP007,2025-11-29 14:50:44.959016,2025-11-29,Neutral,6.5,7.0,Sales
EMP007,2025-11-30 14:50:44.959016,2025-11-30,Tired,6.3,4.6,HR
EMP007,2025-12-01 14:50:44.959016,2025-12-01,Calm,3.1,4.7,Operations
EMP007,2025-12-02 14:50:44.959016,2025-12-02,Happy,3.2,2.0,Engineering
EMP007,2025-12-03 14:50:44.959016,2025-12-03,Neutral,5.2,6.5,Sales
EMP007,2025-12-04 14:50:44.959016,2025-12-04,Neutral,5.3,6.7,HR
EMP007,2025-12-05 14:50:44.959016,2025-12-05,Happy,3.1,4.2,Engineering
EMP007,2025-12-06 14:50:44.959016,2025-12-06,Happy,3.3,2.0,Operations
EMP007,2025-12-07 14:50:44.959016,2025-12-07,Calm,4.0,3.6,Operations
EMP007,2025-12-08 14:50:44.959016,2025-12-08,Calm,4.8,4.6,Marketing
EMP007,2025-12-09 14:50:44.959016,2025-12-09,Calm,4.2,4.3,Marketing
EMP007,2025-12-10 14:50:44.959016,2025-12-10,Neutral,6.1,4.5,Engineering
EMP007,2025-12-11 14:50:44.959016,2025-12-11,Neutral,5.2,3.4,Engineering
EMP007,2025-12-12 14:50:44.959016,2025-12-12,Happy,3.8,3.9,Sales
EMP007,2025-12-13 14:50:44.959016,2025-12-13,Calm,4.2,2.7,Sales
EMP007,2025-12-14 14:50:44.959016,2025-12-14,Neutral,4.6,3.3,Engineering
EMP007,2025-12-15 14:50:44.959016,2025-12-15,Happy,3.8,5.5,Operations
EMP007,2025-12-16 14:50:44.959016,2025-12-16,Calm,4.3,2.6,HR
EMP007,2025-12-17 14:50:44.959016,2025-12-17,Neutral,4.5,2.6,Marketing
EMP007,2025-12-18 14:50:44.959016,2025-12-18,Tired,6.2,5.4,Marketing
EMP007,2025-12-19 14:50:44.959016,2025-12-19,Calm,4.7,5.4,Sales
EMP007,2025-12-20 14:50:44.959016,2025-12-20,Happy,3.4,4.8,Operations
EMP007,2025-12-21 14:50:44.959016,2025-12-21,Neutral,4.7,6.7,Engineering
EMP007,2025-12-22 14:50:44.959016,2025-12-22,Calm,3.6,3.6,Marketing
EMP007,2025-12-23 14:50:44.959016,2025-12-23,Neutral,4.2,2.6,Sales
EMP007,2025-12-24 14:50:44.959016,2025-12-24,Neutral,6.5,8.0,Marketing
EMP007,2025-12-25 14:50:44.959016,2025-12-25,Calm,5.9,4.9,Marketing
EMP007,2025-12-26 14:50:44.959016,2025-12-26,Calm,5.7,5.1,HR
EMP007,2025-12-27 14:50:44.959016,2025-12-27,Tired,6.4,5.9,Sales
EMP007,2025-12-28 14:50:44.959016,2025-12-28,Neutral,6.3,8.2,Engineering
EMP007,2025-12-29 14:50:44.959016,2025-12-29,Calm,5.3,5.7,Operations
EMP007,2025-12-30 14:50:44.959016,2025-12-30,Calm,5.9,3.9,Engineering
EMP007,2025-12-31 14:50:44.959016,2025-12-31,Neutral,7.9,8.7,Sales
EMP007,2026-01-01 14:50:44.959016,2026-01-01,Neutral,5.1,6.5,Operations
EMP007,2026-01-02 14:50:44.959016,2026-01-02,Calm,3.4,5.2,Marketing
EMP007,2026-01-03 14:50:44.959016,2026-01-03,Calm,4.5,3.9,Sales
EMP007,2026-01-04 14:50:44.959016,2026-01-04,Calm,4.0,2.4,Engineering
EMP007,2026-01-05 14:50:44.959016,2026-01-05,Calm,5.0,5.8,Engineering
EMP007,2026-01-06 14:50:44.959016,2026-01-06,Neutral,4.3,4.2,Sales
EMP007,2026-01-07 14:50:44.959016,2026-01-07,Neutral,4.7,4.0,Marketing
EMP007,2026-01-08 14:50:44.959016,2026-01-08,Calm,5.0,5.6,Marketing
EMP007,2026-01-09 14:50:44.959016,2026-01-09,Happy,3.2,3.8,Marketing
EMP007,2026-01-10 14:50:44.959016,2026-01-10,Happy,3.2,2.0,Sales
EMP007,2026-01-11 14:50:44.959016,2026-01-11,Calm,3.1,2.9,Marketing
EMP008,2025-10-14 14:50:44.959016,2025-10-14,Neutral,6.2,7.1,Engineering
EMP008,2025-10-15 14:50:44.959016,2025-10-15,Tired,8.1,8.6,Marketing
EMP008,2025-10-16 14:50:44.959016,2025-10-16,Neutral,7.9,9.3,Engineering
EMP008,2025-10-17 14:50:44.959016,2025-10-17,Neutral,6.6,6.9,Operations
EMP008,2025-10-18 14:50:44.959016,2025-10-18,Tired,7.2,8.0,Marketing
EMP008,2025-10-19 14:50:44.959016,2025-10-19,Tired,6.4,7.1,HR
EMP008,2025-10-20 14:50:44.959016,2025-10-20,Calm,5.8,5.6,Marketing
EMP008,2025-10-21 14:50:44.959016,2025-10-21,Calm,6.0,5.9,HR
EMP008,2025-10-22 14:50:44.959016,2025-10-22,Neutral,7.4,9.0,HR
EMP008,2025-10-23 14:50:44.959016,2025-10-23,Stressed,8.4,7.3,HR
EMP008,2025-10-24 14:50:44.959016,2025-10-24,Neutral,6.9,7.1,HR
EMP008,2025-10-25 14:50:44.959016,2025-10-25,Tired,7.0,8.1,Engineering
EMP008,2025-10-26 14:50:44.959016,2025-10-26,Tired,7.4,6.2,Marketing
EMP008,2025-10-27 14:50:44.959016,2025-10-27,Stressed,8.6,8.0,Sales
EMP008,2025-10-28 14:50:44.959016,2025-10-28,Tired,7.4,6.7,HR
EMP008,2025-10-29 14:50:44.959016,2025-10-29,Stressed,10.0,10.0,Sales
EMP008,2025-10-30 14:50:44.959016,2025-10-30,Stressed,9.7,10.0,Marketing
EMP008,2025-10-31 14:50:44.959016,2025-10-31,Stressed,8.7,8.2,Sales
EMP008,2025-11-01 14:50:44.959016,2025-11-01,Neutral,5.9,6.6,HR
EMP008,2025-11-02 14:50:44.959016,2025-11-02,Tired,6.9,7.5,Engineering
EMP008,2025-11-03 14:50:44.959016,2025-11-03,Tired,6.4,7.9,Engineering
EMP008,2025-11-04 14:50:44.959016,2025-11-04,Tired,7.2,5.4,Marketing
EMP008,2025-11-05 14:50:44.959016,2025-11-05,Tired,7.3,7.3,HR
EMP008,2025-11-06 14:50:44.959016,2025-11-06,Neutral,7.2,5.3,Sales
EMP008,2025-11-07 14:50:44.959016,2025-11-07,Neutral,6.1,6.0,HR
EMP008,2025-11-08 14:50:44.959016,2025-11-08,Neutral,6.9,5.7,Sales
EMP008,2025-11-09 14:50:44.959016,2025-11-09,Tired,6.6,7.9,Marketing
EMP008,2025-11-10 14:50:44.959016,2025-11-10,Tired,6.5,7.8,Operations
EMP008,2025-11-11 14:50:44.959016,2025-11-11,Calm,5.6,6.6,Operations
EMP008,2025-11-12 14:50:44.959016,2025-11-12,Neutral,6.9,8.9,Engineering
EMP008,2025-11-13 14:50:44.959016,2025-11-13,Stressed,8.2,7.5,Sales
EMP008,2025-11-14 14:50:44.959016,2025-11-14,Tired,7.2,6.8,Operations
EMP008,2025-11-15 14:50:44.959016,2025-11-15,Tired,7.1,6.5,Marketing
EMP008,2025-11-16 14:50:44.959016,2025-11-16,Tired,6.7,6.2,Engineering
EMP008,2025-11-17 14:50:44.959016,2025-11-17,Calm,5.7,7.7,Operations
EMP008,2025-11-18 14:50:44.959016,2025-11-18,Tired,6.6,5.7,Marketing
EMP008,2025-11-19 14:50:44.959016,2025-11-19,Neutral,7.3,7.6,Marketing
EMP008,2025-11-20 14:50:44.959016,2025-11-20,Tired,7.0,6.2,HR
EMP008,2025-11-21 14:50:44.959016,2025-11-21,Neutral,5.8,4.2,Marketing
EMP008,2025-11-22 14:50:44.959016,2025-11-22,Calm,5.8,5.4,Marketing
EMP008,2025-11-23 14:50:44.959016,2025-11-23,Tired,6.8,6.2,HR
EMP008,2025-11-24 14:50:44.959016,2025-11-24,Tired,6.0,7.8,Sales
EMP008,2025-11-25 14:50:44.959016,2025-11-25,Tired,6.4,5.3,Sales
EMP008,2025-11-26 14:50:44.959016,2025-11-26,Tired,10.0,10.0,Operations
EMP008,2025-11-27 14:50:44.959016,2025-11-27,Stressed,8.8,8.6,HR
EMP008,2025-11-28 14:50:44.959016,2025-11-28,Stressed,8.7,8.9,Operations
EMP008,2025-11-29 14:50:44.959016,2025-11-29,Tired,7.7,6.1,Engineering
EMP008,2025-11-30 14:50:44.959016,2025-11-30,Stressed,8.7,10.0,Sales
EMP008,2025-12-01 14:50:44.959016,2025-12-01,Calm,5.9,7.8,Engineering
EMP008,2025-12-02 14:50:44.959016,2025-12-02,Tired,6.2,7.9,Engineering
EMP008,2025-12-03 14:50:44.959016,2025-12-03,Neutral,7.9,6.0,Sales
EMP008,2025-12-04 14:50:44.959016,2025-12-04,Tired,7.8,6.1,Engineering
EMP008,2025-12-05 14:50:44.959016,2025-12-05,Tired,6.9,6.6,Operations
EMP008,2025-12-06 14:50:44.959016,2025-12-06,Calm,5.9,6.6,Marketing
EMP008,2025-12-07 14:50:44.959016,2025-12-07,Neutral,6.1,5.2,Marketing
EMP008,2025-12-08 14:50:44.959016,2025-12-08,Tired,6.3,5.7,HR
EMP008,2025-12-09 14:50:44.959016,2025-12-09,Neutral,5.4,4.2,HR
EMP008,2025-12-10 14:50:44.959016,2025-12-10,Tired,7.7,7.4,Sales
EMP008,2025-12-11 14:50:44.959016,2025-12-11,Tired,6.9,6.9,Sales
EMP008,2025-12-12 14:50:44.959016,2025-12-12,Calm,5.2,4.1,Sales
EMP008,2025-12-13 14:50:44.959016,2025-12-13,Tired,6.0,4.5,Marketing
EMP008,2025-12-14 14:50:44.959016,2025-12-14,Tired,6.8,6.1,HR
EMP008,2025-12-15 14:50:44.959016,2025-12-15,Tired,6.2,5.7,Sales
EMP008,2025-12-16 14:50:44.959016,2025-12-16,Neutral,7.0,5.3,Operations
EMP008,2025-12-17 14:50:44.959016,2025-12-17,Stressed,8.1,8.3,Marketing
EMP008,2025-12-18 14:50:44.959016,2025-12-18,Tired,8.2,9.6,Engineering
EMP008,2025-12-19 14:50:44.959016,2025-12-19,Calm,5.6,5.7,Operations
EMP008,2025-12-20 14:50:44.959016,2025-12-20,Tired,6.3,7.3,Operations
EMP008,2025-12-21 14:50:44.959016,2025-12-21,Tired,6.9,6.2,HR
EMP008,2025-12-22 14:50:44.959016,2025-12-22,Neutral,7.1,8.8,Engineering
EMP008,2025-12-23 14:50:44.959016,2025-12-23,Neutral,6.0,5.2,HR
EMP008,2025-12-24 14:50:44.959016,2025-12-24,Tired,8.6,10.0,Marketing
EMP008,2025-12-25 14:50:44.959016,2025-12-25,Neutral,6.7,8.1,Marketing
EMP008,2025-12-26 14:50:44.959016,2025-12-26,Stressed,9.1,10.0,Sales
EMP008,2025-12-27 14:50:44.959016,2025-12-27,Tired,8.0,6.0,Marketing
EMP008,2025-12-28 14:50:44.959016,2025-12-28,Tired,8.2,9.5,HR
EMP008,2025-12-29 14:50:44.959016,2025-12-29,Neutral,7.3,8.9,HR
EMP008,2025-12-30 14:50:44.959016,2025-12-30,Neutral,7.8,9.5,HR
EMP008,2025-12-31 14:50:44.959016,2025-12-31,Stressed,9.7,8.4,Operations
EMP008,2026-01-01 14:50:44.959016,2026-01-01,Tired,8.4,10.0,Operations
EMP008,2026-01-02 14:50:44.959016,2026-01-02,Neutral,7.1,5.6,Marketing
EMP008,2026-01-03 14:50:44.959016,2026-01-03,Calm,5.6,7.3,Marketing
EMP008,2026-01-04 14:50:44.959016,2026-01-04,Neutral,5.5,5.7,Sales
EMP008,2026-01-05 14:50:44.959016,2026-01-05,Neutral,5.4,4.0,Engineering
EMP008,2026-01-06 14:50:44.959016,2026-01-06,Calm,5.5,6.7,Marketing
EMP008,2026-01-07 14:50:44.959016,2026-01-07,Tired,7.0,8.5,Sales
EMP008,2026-01-08 14:50:44.959016,2026-01-08,Stressed,8.5,9.8,Sales
EMP008,2026-01-09 14:50:44.959016,2026-01-09,Neutral,5.7,5.0,Engineering
EMP008,2026-01-10 14:50:44.959016,2026-01-10,Tired,6.7,5.6,Engineering
EMP008,2026-01-11 14:50:44.959016,2026-01-11,Tired,6.4,6.7,Engineering
EMP009,2025-10-14 14:50:44.959016,2025-10-14,Neutral,4.2,5.0,Marketing
EMP009,2025-10-15 14:50:44.959016,2025-10-15,Neutral,6.1,5.2,Sales
EMP009,2025-10-16 14:50:44.959016,2025-10-16,Neutral,5.8,5.9,Marketing
EMP009,2025-10-17 14:50:44.959016,2025-10-17,Happy,3.7,4.4,Engineering
EMP009,2025-10-18 14:50:44.959016,2025-10-18,Happy,4.0,5.7,Sales
EMP009,2025-10-19 14:50:44.959016,2025-10-19,Calm,4.3,6.2,Engineering
EMP009,2025-10-20 14:50:44.959016,2025-10-20,Happy,3.8,5.6,HR
EMP009,2025-10-21 14:50:44.959016,2025-10-21,Happy,3.7,3.2,Engineering
EMP009,2025-10-22 14:50:44.959016,2025-10-22,Neutral,5.9,7.4,HR
EMP009,2025-10-23 14:50:44.959016,2025-10-23,Neutral,5.2,3.9,Operations
EMP009,2025-10-24 14:50:44.959016,2025-10-24,Calm,4.7,4.5,Sales
EMP009,2025-10-25 14:50:44.959016,2025-10-25,Neutral,4.4,3.6,HR
EMP009,2025-10-26 14:50:44.959016,2025-10-26,Tired,6.3,7.2,Operations
EMP009,2025-10-27 14:50:44.959016,2025-10-27,Neutral,5.4,4.9,HR
EMP009,2025-10-28 14:50:44.959016,2025-10-28,Neutral,6.9,8.0,Engineering
EMP009,2025-10-29 14:50:44.959016,2025-10-29,Tired,7.5,6.0,Operations
EMP009,2025-10-30 14:50:44.959016,2025-10-30,Tired,7.3,8.0,Marketing
EMP009,2025-10-31 14:50:44.959016,2025-10-31,Tired,6.6,5.2,Marketing
EMP009,2025-11-01 14:50:44.959016,2025-11-01,Neutral,4.6,5.3,Operations
EMP009,2025-11-02 14:50:44.959016,2025-11-02,Calm,3.8,2.3,Engineering
EMP009,2025-11-03 14:50:44.959016,2025-11-03,Neutral,4.0,3.7,Sales
EMP009,2025-11-04 14:50:44.959016,2025-11-04,Calm,3.2,2.0,Operations
EMP009,2025-11-05 14:50:44.959016,2025-11-05,Neutral,5.4,3.5,HR
EMP009,2025-11-06 14:50:44.959016,2025-11-06,Calm,5.8,5.5,HR
EMP009,2025-11-07 14:50:44.959016,2025-11-07,Calm,4.3,2.8,Marketing
EMP009,2025-11-08 14:50:44.959016,2025-11-08,Happy,3.5,4.4,Marketing
EMP009,2025-11-09 14:50:44.959016,2025-11-09,Neutral,4.5,4.1,Sales
EMP009,2025-11-10 14:50:44.959016,2025-11-10,Happy,3.3,2.0,HR
EMP009,2025-11-11 14:50:44.959016,2025-11-11,Calm,4.1,5.6,Sales
EMP009,2025-11-12 14:50:44.959016,2025-11-12,Neutral,6.3,6.3,Operations
EMP009,2025-11-13 14:50:44.959016,2025-11-13,Calm,5.1,5.1,HR
EMP009,2025-11-14 14:50:44.959016,2025-11-14,Calm,4.1,4.0,HR
EMP009,2025-11-15 14:50:44.959016,2025-11-15,Happy,3.7,3.6,Operations
EMP009,2025-11-16 14:50:44.959016,2025-11-16,Calm,3.2,2.9,Sales
EMP009,2025-11-17 14:50:44.959016,2025-11-17,Calm,4.6,3.2,Engineering
EMP009,2025-11-18 14:50:44.959016,2025-11-18,Happy,3.7,3.7,Marketing
EMP009,2025-11-19 14:50:44.959016,2025-11-19,Calm,4.6,4.2,HR
EMP009,2025-11-20 14:50:44.959016,2025-11-20,Calm,5.7,7.5,Marketing
EMP009,2025-11-21 14:50:44.959016,2025-11-21,Calm,4.1,5.1,Operations
EMP009,2025-11-22 14:50:44.959016,2025-11-22,Neutral,4.5,4.6,Operations
EMP009,2025-11-23 14:50:44.959016,2025-11-23,Neutral,4.4,2.4,Operations
EMP009,2025-11-24 14:50:44.959016,2025-11-24,Calm,4.6,3.5,Marketing
EMP009,2025-11-25 14:50:44.959016,2025-11-25,Neutral,5.0,4.8,Marketing
EMP009,2025-11-26 14:50:44.959016,2025-11-26,Tired,6.9,6.8,Engineering
EMP009,2025-11-27 14:50:44.959016,2025-11-27,Tired,7.8,8.7,Operations
EMP009,2025-11-28 14:50:44.959016,2025-11-28,Neutral,5.7,4.5,Operations
EMP009,2025-11-29 14:50:44.959016,2025-11-29,Neutral,5.9,5.6,HR
EMP009,2025-11-30 14:50:44.959016,2025-11-30,Neutral,6.8,5.9,Operations
EMP009,2025-12-01 14:50:44.959016,2025-12-01,Happy,3.1,4.9,Marketing
EMP009,2025-12-02 14:50:44.959016,2025-12-02,Happy,3.2,3.1,Engineering
EMP009,2025-12-03 14:50:44.959016,2025-12-03,Tired,6.4,5.1,Marketing
EMP009,2025-12-04 14:50:44.959016,2025-12-04,Calm,5.5,5.9,HR
EMP009,2025-12-05 14:50:44.959016,2025-12-05,Calm,4.3,5.8,Operations
EMP009,2025-12-06 14:50:44.959016,2025-12-06,Calm,3.6,5.1,Engineering
EMP009,2025-12-07 14:50:44.959016,2025-12-07,Calm,4.4,2.7,Operations
EMP009,2025-12-08 14:50:44.959016,2025-12-08,Neutral,4.9,5.0,Engineering
EMP009,2025-12-09 14:50:44.959016,2025-12-09,Neutral,4.2,5.8,Sales
EMP009,2025-12-10 14:50:44.959016,2025-12-10,Calm,5.3,5.2,Sales
EMP009,2025-12-11 14:50:44.959016,2025-12-11,Neutral,6.4,6.2,Operations
EMP009,2025-12-12 14:50:44.959016,2025-12-12,Neutral,4.2,4.0,Marketing
EMP009,2025-12-13 14:50:44.959016,2025-12-13,Happy,3.3,2.9,HR
EMP009,2025-12-14 14:50:44.959016,2025-12-14,Neutral,4.7,5.2,Engineering
EMP009,2025-12-15 14:50:44.959016,2025-12-15,Happy,3.4,4.0,Marketing
EMP009,2025-12-16 14:50:44.959016,2025-12-16,Calm,3.4,5.0,Operations
EMP009,2025-12-17 14:50:44.959016,2025-12-17,Calm,5.5,4.8,Engineering
EMP009,2025-12-18 14:50:44.959016,2025-12-18,Neutral,4.8,3.6,Sales
EMP009,2025-12-19 14:50:44.959016,2025-12-19,Neutral,4.8,3.3,Marketing
EMP009,2025-12-20 14:50:44.959016,2025-12-20,Happy,3.9,3.1,Engineering
EMP009,2025-12-21 14:50:44.959016,2025-12-21,Calm,3.9,3.6,Marketing
EMP009,2025-12-22 14:50:44.959016,2025-12-22,Calm,3.7,5.6,Sales
EMP009,2025-12-23 14:50:44.959016,2025-12-23,Happy,3.8,3.7,Sales
EMP009,2025-12-24 14:50:44.959016,2025-12-24,Calm,5.8,4.4,Sales
EMP009,2025-12-25 14:50:44.959016,2025-12-25,Neutral,5.9,6.7,Operations
EMP009,2025-12-26 14:50:44.959016,2025-12-26,Neutral,6.6,6.9,Sales
EMP009,2025-12-27 14:50:44.959016,2025-12-27,Neutral,5.2,4.7,Sales
EMP009,2025-12-28 14:50:44.959016,2025-12-28,Neutral,6.7,6.5,Operations
EMP009,2025-12-29 14:50:44.959016,2025-12-29,Calm,5.7,6.1,Marketing
EMP009,2025-12-30 14:50:44.959016,2025-12-30,Neutral,5.4,7.3,Sales
EMP009,2025-12-31 14:50:44.959016,2025-12-31,Neutral,7.5,8.9,HR
EMP009,2026-01-01 14:50:44.959016,2026-01-01,Tired,6.3,7.6,Operations
EMP009,2026-01-02 14:50:44.959016,2026-01-02,Neutral,4.1,4.5,Marketing
EMP009,2026-01-03 14:50:44.959016,2026-01-03,Calm,5.0,6.8,Marketing
EMP009,2026-01-04 14:50:44.959016,2026-01-04,Neutral,4.6,5.5,Marketing
EMP009,2026-01-05 14:50:44.959016,2026-01-05,Neutral,4.5,5.2,Operations
EMP009,2026-01-06 14:50:44.959016,2026-01-06,Happy,3.5,4.7,Engineering
EMP009,2026-01-07 14:50:44.959016,2026-01-07,Calm,5.8,6.7,Marketing
EMP009,2026-01-08 14:50:44.959016,2026-01-08,Tired,6.5,7.5,HR
EMP009,2026-01-09 14:50:44.959016,2026-01-09,Neutral,5.1,5.4,Sales
EMP009,2026-01-10 14:50:44.959016,2026-01-10,Neutral,4.6,5.8,Marketing
EMP009,2026-01-11 14:50:44.959016,2026-01-11,Neutral,4.1,3.1,Operations
EMP010,2025-10-14 14:50:44.959016,2025-10-14,Tired,6.7,7.6,Engineering
EMP010,2025-10-15 14:50:44.959016,2025-10-15,Neutral,7.4,7.1,HR
EMP010,2025-10-16 14:50:44.959016,2025-10-16,Tired,8.0,6.7,Marketing
EMP010,2025-10-17 14:50:44.959016,2025-10-17,Neutral,5.4,5.2,Sales
EMP010,2025-10-18 14:50:44.959016,2025-10-18,Calm,5.7,6.4,HR
EMP010,2025-10-19 14:50:44.959016,2025-10-19,Calm,5.4,4.3,Marketing
EMP010,2025-10-20 14:50:44.959016,2025-10-20,Tired,6.3,8.1,HR
EMP010,2025-10-21 14:50:44.959016,2025-10-21,Neutral,6.5,6.9,Engineering
EMP010,2025-10-22 14:50:44.959016,2025-10-22,Stressed,8.1,6.6,Marketing
EMP010,2025-10-23 14:50:44.959016,2025-10-23,Stressed,8.4,8.0,Marketing
EMP010,2025-10-24 14:50:44.959016,2025-10-24,Neutral,6.5,7.8,Operations
EMP010,2025-10-25 14:50:44.959016,2025-10-25,Tired,6.1,7.5,Sales
EMP010,2025-10-26 14:50:44.959016,2025-10-26,Stressed,8.6,7.6,Operations
EMP010,2025-10-27 14:50:44.959016,2025-10-27,Stressed,8.2,8.2,Engineering
EMP010,2025-10-28 14:50:44.959016,2025-10-28,Tired,8.3,8.4,HR
EMP010,2025-10-29 14:50:44.959016,2025-10-29,Stressed,10.0,8.5,Engineering
EMP010,2025-10-30 14:50:44.959016,2025-10-30,Tired,8.9,7.2,Engineering
EMP010,2025-10-31 14:50:44.959016,2025-10-31,Tired,8.8,9.0,Sales
EMP010,2025-11-01 14:50:44.959016,2025-11-01,Neutral,5.6,3.6,Engineering
EMP010,2025-11-02 14:50:44.959016,2025-11-02,Calm,5.6,5.6,Marketing
EMP010,2025-11-03 14:50:44.959016,2025-11-03,Tired,6.6,6.5,Sales
EMP010,2025-11-04 14:50:44.959016,2025-11-04,Calm,5.6,5.4,Operations
EMP010,2025-11-05 14:50:44.959016,2025-11-05,Neutral,7.7,6.7,HR
EMP010,2025-11-06 14:50:44.959016,2025-11-06,Tired,8.1,7.8,Engineering
EMP010,2025-11-07 14:50:44.959016,2025-11-07,Tired,6.1,6.0,Sales
EMP010,2025-11-08 14:50:44.959016,2025-11-08,Calm,5.7,5.4,Engineering
EMP010,2025-11-09 14:50:44.959016,2025-11-09,Neutral,6.9,6.4,Sales
EMP010,2025-11-10 14:50:44.959016,2025-11-10,Tired,7.2,5.7,Sales
EMP010,2025-11-11 14:50:44.959016,2025-11-11,Neutral,6.3,7.0,Engineering
EMP010,2025-11-12 14:50:44.959016,2025-11-12,Tired,7.3,7.2,HR
EMP010,2025-11-13 14:50:44.959016,2025-11-13,Tired,6.9,5.0,Operations
EMP010,2025-11-14 14:50:44.959016,2025-11-14,Neutral,5.4,5.3,Marketing
EMP010,2025-11-15 14:50:44.959016,2025-11-15,Neutral,5.5,5.9,Marketing
EMP010,2025-11-16 14:50:44.959016,2025-11-16,Tired,6.4,4.6,HR
EMP010,2025-11-17 14:50:44.959016,2025-11-17,Calm,5.7,7.2,Engineering
EMP010,2025-11-18 14:50:44.959016,2025-11-18,Calm,5.7,7.6,Engineering
EMP010,2025-11-19 14:50:44.959016,2025-11-19,Tired,7.4,7.7,Engineering
EMP010,2025-11-20 14:50:44.959016,2025-11-20,Neutral,7.0,7.5,Operations
EMP010,2025-11-21 14:50:44.959016,2025-11-21,Neutral,5.5,3.9,HR
EMP010,2025-11-22 14:50:44.959016,2025-11-22,Tired,7.1,8.0,HR
EMP010,2025-11-23 14:50:44.959016,2025-11-23,Tired,6.9,7.4,Engineering
EMP010,2025-11-24 14:50:44.959016,2025-11-24,Tired,6.9,5.2,Marketing
EMP010,2025-11-25 14:50:44.959016,2025-11-25,Neutral,6.1,7.1,Sales
EMP010,2025-11-26 14:50:44.959016,2025-11-26,Stressed,9.2,9.2,HR
EMP010,2025-11-27 14:50:44.959016,2025-11-27,Tired,9.5,7.9,HR
EMP010,2025-11-28 14:50:44.959016,2025-11-28,Stressed,9.2,8.9,Marketing
EMP010,2025-11-29 14:50:44.959016,2025-11-29,Stressed,8.9,10.0,Sales
EMP010,2025-11-30 14:50:44.959016,2025-11-30,Stressed,9.2,8.5,Marketing
EMP010,2025-12-01 14:50:44.959016,2025-12-01,Tired,7.0,7.0,Operations
EMP010,2025-12-02 14:50:44.959016,2025-12-02,Neutral,7.0,9.0,Engineering
EMP010,2025-12-03 14:50:44.959016,2025-12-03,Tired,7.2,9.1,Operations
EMP010,2025-12-04 14:50:44.959016,2025-12-04,Stressed,8.5,8.5,Sales
EMP010,2025-12-05 14:50:44.959016,2025-12-05,Tired,6.9,7.8,Marketing
EMP010,2025-12-06 14:50:44.959016,2025-12-06,Calm,5.4,4.4,Sales
EMP010,2025-12-07 14:50:44.959016,2025-12-07,Tired,6.4,6.0,HR
EMP010,2025-12-08 14:50:44.959016,2025-12-08,Tired,6.5,6.1,Marketing
EMP010,2025-12-09 14:50:44.959016,2025-12-09,Neutral,6.8,7.3,Marketing
EMP010,2025-12-10 14:50:44.959016,2025-12-10,Neutral,7.6,6.2,Marketing
EMP010,2025-12-11 14:50:44.959016,2025-12-11,Neutral,8.0,7.6,Engineering
EMP010,2025-12-12 14:50:44.959016,2025-12-12,Neutral,6.2,5.1,Engineering
EMP010,2025-12-13 14:50:44.959016,2025-12-13,Neutral,5.7,7.2,Sales
EMP010,2025-12-14 14:50:44.959016,2025-12-14,Tired,7.0,5.4,Operations
EMP010,2025-12-15 14:50:44.959016,2025-12-15,Neutral,6.9,6.4,Sales
EMP010,2025-12-16 14:50:44.959016,2025-12-16,Neutral,6.0,4.9,Marketing
EMP010,2025-12-17 14:50:44.959016,2025-12-17,Tired,7.4,5.4,Sales
EMP010,2025-12-18 14:50:44.959016,2025-12-18,Stressed,8.3,9.3,HR
EMP010,2025-12-19 14:50:44.959016,2025-12-19,Neutral,6.7,8.1,Marketing
EMP010,2025-12-20 14:50:44.959016,2025-12-20,Neutral,6.1,6.3,HR
EMP010,2025-12-21 14:50:44.959016,2025-12-21,Tired,6.4,6.5,HR
EMP010,2025-12-22 14:50:44.959016,2025-12-22,Neutral,6.5,5.3,Sales
EMP010,2025-12-23 14:50:44.959016,2025-12-23,Calm,5.6,5.1,Sales
EMP010,2025-12-24 14:50:44.959016,2025-12-24,Stressed,8.7,9.9,Sales
EMP010,2025-12-25 14:50:44.959016,2025-12-25,Tired,7.3,6.6,Marketing
EMP010,2025-12-26 14:50:44.959016,2025-12-26,Stressed,8.5,9.9,Engineering
EMP010,2025-12-27 14:50:44.959016,2025-12-27,Tired,8.1,6.3,Operations
EMP010,2025-12-28 14:50:44.959016,2025-12-28,Neutral,7.7,6.5,HR
EMP010,2025-12-29 14:50:44.959016,2025-12-29,Stressed,9.0,10.0,Engineering
EMP010,2025-12-30 14:50:44.959016,2025-12-30,Tired,9.2,8.3,Engineering
EMP010,2025-12-31 14:50:44.959016,2025-12-31,Tired,10.0,10.0,Marketing
EMP010,2026-01-01 14:50:44.959016,2026-01-01,Tired,7.2,7.4,Sales
EMP010,2026-01-02 14:50:44.959016,2026-01-02,Calm,5.7,7.7,Marketing
EMP010,2026-01-03 14:50:44.959016,2026-01-03,Neutral,5.5,7.4,Engineering
EMP010,2026-01-04 14:50:44.959016,2026-01-04,Tired,6.7,4.8,HR
EMP010,2026-01-05 14:50:44.959016,2026-01-05,Neutral,6.8,5.0,Marketing
EMP010,2026-01-06 14:50:44.959016,2026-01-06,Neutral,6.2,6.1,Engineering
EMP010,2026-01-07 14:50:44.959016,2026-01-07,Neutral,6.9,7.3,HR
EMP010,2026-01-08 14:50:44.959016,2026-01-08,Tired,7.1,6.3,Marketing
EMP010,2026-01-09 14:50:44.959016,2026-01-09,Neutral,6.4,8.1,HR
EMP010,2026-01-10 14:50:44.959016,2026-01-10,Tired,7.3,8.2,Sales
EMP010,2026-01-11 14:50:44.959016,2026-01-11,Calm,5.7,4.0,Engineering
EMP011,2025-10-14 14:50:44.959016,2025-10-14,Tired,6.7,6.9,Marketing
EMP011,2025-10-15 14:50:44.959016,2025-10-15,Tired,6.5,8.5,HR
EMP011,2025-10-16 14:50:44.959016,2025-10-16,Tired,6.9,7.1,Operations
EMP011,2025-10-17 14:50:44.959016,2025-10-17,Neutral,5.4,4.9,HR
EMP011,2025-10-18 14:50:44.959016,2025-10-18,Calm,4.9,6.6,Marketing
EMP011,2025-10-19 14:50:44.959016,2025-10-19,Calm,5.3,5.8,Sales
EMP011,2025-10-20 14:50:44.959016,2025-10-20,Calm,4.9,4.2,Engineering
EMP011,2025-10-21 14:50:44.959016,2025-10-21,Tired,6.1,6.7,HR
EMP011,2025-10-22 14:50:44.959016,2025-10-22,Tired,7.4,7.9,HR
EMP011,2025-10-23 14:50:44.959016,2025-10-23,Tired,6.8,7.6,Marketing
EMP011,2025-10-24 14:50:44.959016,2025-10-24,Tired,6.7,6.8,Sales
EMP011,2025-10-25 14:50:44.959016,2025-10-25,Neutral,5.4,5.7,HR
EMP011,2025-10-26 14:50:44.959016,2025-10-26,Tired,8.6,10.0,Marketing
EMP011,2025-10-27 14:50:44.959016,2025-10-27,Stressed,8.2,6.7,Sales
EMP011,2025-10-28 14:50:44.959016,2025-10-28,Tired,7.8,9.8,Sales
EMP011,2025-10-29 14:50:44.959016,2025-10-29,Stressed,9.9,9.3,HR
EMP011,2025-10-30 14:50:44.959016,2025-10-30,Stressed,9.9,8.7,HR
EMP011,2025-10-31 14:50:44.959016,2025-10-31,Tired,8.6,8.1,HR
EMP011,2025-11-01 14:50:44.959016,2025-11-01,Calm,5.6,4.7,Marketing
EMP011,2025-11-02 14:50:44.959016,2025-11-02,Tired,6.4,8.3,Engineering
EMP011,2025-11-03 14:50:44.959016,2025-11-03,Tired,6.6,4.6,Marketing
EMP011,2025-11-04 14:50:44.959016,2025-11-04,Calm,5.4,5.0,Marketing
EMP011,2025-11-05 14:50:44.959016,2025-11-05,Tired,8.2,9.9,Marketing
EMP011,2025-11-06 14:50:44.959016,2025-11-06,Tired,7.6,5.8,Sales
EMP011,2025-11-07 14:50:44.959016,2025-11-07,Neutral,5.4,7.4,Sales
EMP011,2025-11-08 14:50:44.959016,2025-11-08,Neutral,5.8,4.5,Operations
EMP011,2025-11-09 14:50:44.959016,2025-11-09,Neutral,6.3,4.5,Marketing
EMP011,2025-11-10 14:50:44.959016,2025-11-10,Tired,6.0,6.3,Operations
EMP011,2025-11-11 14:50:44.959016,2025-11-11,Neutral,6.5,6.8,Operations
EMP011,2025-11-12 14:50:44.959016,2025-11-12,Stressed,8.1,7.6,Marketing
EMP011,2025-11-13 14:50:44.959016,2025-11-13,Neutral,7.6,6.0,Marketing
EMP011,2025-11-14 14:50:44.959016,2025-11-14,Neutral,5.0,5.2,Marketing
EMP011,2025-11-15 14:50:44.959016,2025-11-15,Neutral,6.0,5.7,Marketing
EMP011,2025-11-16 14:50:44.959016,2025-11-16,Neutral,6.5,5.5,HR
EMP011,2025-11-17 14:50:44.959016,2025-11-17,Calm,5.1,3.5,Engineering
EMP011,2025-11-18 14:50:44.959016,2025-11-18,Tired,6.5,4.6,HR
EMP011,2025-11-19 14:50:44.959016,2025-11-19,Neutral,7.4,7.1,HR
EMP011,2025-11-20 14:50:44.959016,2025-11-20,Tired,8.1,8.3,Marketing
EMP011,2025-11-21 14:50:44.959016,2025-11-21,Neutral,5.6,4.7,Marketing
EMP011,2025-11-22 14:50:44.959016,2025-11-22,Tired,6.7,4.8,Sales
EMP011,2025-11-23 14:50:44.959016,2025-11-23,Calm,4.9,4.6,Marketing
EMP011,2025-11-24 14:50:44.959016,2025-11-24,Neutral,5.6,7.1,Operations
EMP011,2025-11-25 14:50:44.959016,2025-11-25,Calm,4.8,4.2,Marketing
EMP011,2025-11-26 14:50:44.959016,2025-11-26,Stressed,9.0,7.0,Engineering
EMP011,2025-11-27 14:50:44.959016,2025-11-27,Stressed,9.8,9.5,HR
EMP011,2025-11-28 14:50:44.959016,2025-11-28,Stressed,8.6,8.4,Sales
EMP011,2025-11-29 14:50:44.959016,2025-11-29,Tired,8.7,7.2,Operations
EMP011,2025-11-30 14:50:44.959016,2025-11-30,Neutral,7.7,7.3,Operations
EMP011,2025-12-01 14:50:44.959016,2025-12-01,Tired,6.2,6.2,HR
EMP011,2025-12-02 14:50:44.959016,2025-12-02,Calm,4.9,5.4,Marketing
EMP011,2025-12-03 14:50:44.959016,2025-12-03,Neutral,7.5,6.9,Operations
EMP011,2025-12-04 14:50:44.959016,2025-12-04,Stressed,8.0,6.5,Engineering
EMP011,2025-12-05 14:50:44.959016,2025-12-05,Tired,6.7,7.5,HR
EMP011,2025-12-06 14:50:44.959016,2025-12-06,Calm,5.8,4.3,Engineering
EMP011,2025-12-07 14:50:44.959016,2025-12-07,Tired,6.7,7.9,Marketing
EMP011,2025-12-08 14:50:44.959016,2025-12-08,Tired,6.1,4.8,Sales
EMP011,2025-12-09 14:50:44.959016,2025-12-09,Calm,5.2,4.8,Operations
EMP011,2025-12-10 14:50:44.959016,2025-12-10,Tired,6.6,6.1,Marketing
EMP011,2025-12-11 14:50:44.959016,2025-12-11,Neutral,6.8,5.3,Sales
EMP011,2025-12-12 14:50:44.959016,2025-12-12,Neutral,5.2,3.6,Engineering
EMP011,2025-12-13 14:50:44.959016,2025-12-13,Tired,6.2,6.2,HR
EMP011,2025-12-14 14:50:44.959016,2025-12-14,Calm,5.8,7.7,Engineering
EMP011,2025-12-15 14:50:44.959016,2025-12-15,Tired,6.5,5.9,Marketing
EMP011,2025-12-16 14:50:44.959016,2025-12-16,Neutral,5.9,5.9,Marketing
EMP011,2025-12-17 14:50:44.959016,2025-12-17,Tired,7.6,6.5,HR
EMP011,2025-12-18 14:50:44.959016,2025-12-18,Tired,8.0,9.4,Engineering
EMP011,2025-12-19 14:50:44.959016,2025-12-19,Tired,6.5,4.6,Operations
EMP011,2025-12-20 14:50:44.959016,2025-12-20,Calm,5.4,4.5,Marketing
EMP011,2025-12-21 14:50:44.959016,2025-12-21,Neutral,5.9,4.2,HR
EMP011,2025-12-22 14:50:44.959016,2025-12-22,Tired,6.1,6.3,Engineering
EMP011,2025-12-23 14:50:44.959016,2025-12-23,Calm,5.8,4.2,Engineering
EMP011,2025-12-24 14:50:44.959016,2025-12-24,Neutral,6.3,8.3,Engineering
EMP011,2025-12-25 14:50:44.959016,2025-12-25,Neutral,7.1,8.9,Operations
EMP011,2025-12-26 14:50:44.959016,2025-12-26,Tired,8.7,10.0,Marketing
EMP011,2025-12-27 14:50:44.959016,2025-12-27,Tired,7.6,8.7,Sales
EMP011,2025-12-28 14:50:44.959016,2025-12-28,Neutral,8.0,6.9,HR
EMP011,2025-12-29 14:50:44.959016,2025-12-29,Stressed,8.0,7.9,Sales
EMP011,2025-12-30 14:50:44.959016,2025-12-30,Tired,8.5,10.0,Sales
EMP011,2025-12-31 14:50:44.959016,2025-12-31,Stressed,8.7,7.7,Operations
EMP011,2026-01-01 14:50:44.959016,2026-01-01,Tired,6.8,7.1,Engineering
EMP011,2026-01-02 14:50:44.959016,2026-01-02,Tired,6.7,6.2,Marketing
EMP011,2026-01-03 14:50:44.959016,2026-01-03,Tired,6.5,4.5,Operations
EMP011,2026-01-04 14:50:44.959016,2026-01-04,Calm,5.3,5.0,Marketing
EMP011,2026-01-05 14:50:44.959016,2026-01-05,Tired,6.1,7.7,Marketing
EMP011,2026-01-06 14:50:44.959016,2026-01-06,Tired,6.4,5.9,Sales
EMP011,2026-01-07 14:50:44.959016,2026-01-07,Neutral,7.7,8.5,Marketing
EMP011,2026-01-08 14:50:44.959016,2026-01-08,Neutral,7.7,8.8,Sales
EMP011,2026-01-09 14:50:44.959016,2026-01-09,Neutral,6.4,5.5,Engineering
EMP011,2026-01-10 14:50:44.959016,2026-01-10,Neutral,6.0,4.6,Marketing
EMP011,2026-01-11 14:50:44.959016,2026-01-11,Tired,6.1,7.9,HR
EMP012,2025-10-14 14:50:44.959016,2025-10-14,Neutral,6.3,6.1,Operations
EMP012,2025-10-15 14:50:44.959016,2025-10-15,Neutral,6.7,8.2,Marketing
EMP012,2025-10-16 14:50:44.959016,2025-10-16,Stressed,8.2,6.6,Sales
EMP012,2025-10-17 14:50:44.959016,2025-10-17,Calm,5.0,6.5,Sales
EMP012,2025-10-18 14:50:44.959016,2025-10-18,Calm,5.8,4.3,HR
EMP012,2025-10-19 14:50:44.959016,2025-10-19,Tired,6.3,6.8,Sales
EMP012,2025-10-20 14:50:44.959016,2025-10-20,Tired,6.5,5.3,Sales
EMP012,2025-10-21 14:50:44.959016,2025-10-21,Neutral,6.3,8.2,Engineering
EMP012,2025-10-22 14:50:44.959016,2025-10-22,Tired,6.7,7.5,HR
EMP012,2025-10-23 14:50:44.959016,2025-10-23,Tired,7.6,8.7,Marketing
EMP012,2025-10-24 14:50:44.959016,2025-10-24,Tired,6.4,6.4,Operations
EMP012,2025-10-25 14:50:44.959016,2025-10-25,Tired,6.7,7.7,Operations
EMP012,2025-10-26 14:50:44.959016,2025-10-26,Tired,8.6,10.0,Sales
EMP012,2025-10-27 14:50:44.959016,2025-10-27,Tired,8.4,9.6,HR
EMP012,2025-10-28 14:50:44.959016,2025-10-28,Neutral,8.0,6.9,Operations
EMP012,2025-10-29 14:50:44.959016,2025-10-29,Stressed,9.1,9.3,Engineering
EMP012,2025-10-30 14:50:44.959016,2025-10-30,Tired,9.5,7.7,Engineering
EMP012,2025-10-31 14:50:44.959016,2025-10-31,Stressed,8.3,8.5,Engineering
EMP012,2025-11-01 14:50:44.959016,2025-11-01,Calm,6.0,5.1,Operations
EMP012,2025-11-02 14:50:44.959016,2025-11-02,Neutral,5.9,5.3,Marketing
EMP012,2025-11-03 14:50:44.959016,2025-11-03,Neutral,4.9,3.3,Marketing
EMP012,2025-11-04 14:50:44.959016,2025-11-04,Neutral,5.1,6.9,Engineering
EMP012,2025-11-05 14:50:44.959016,2025-11-05,Stressed,8.2,9.5,HR
EMP012,2025-11-06 14:50:44.959016,2025-11-06,Tired,8.0,7.1,Marketing
EMP012,2025-11-07 14:50:44.959016,2025-11-07,Neutral,5.1,4.5,HR
EMP012,2025-11-08 14:50:44.959016,2025-11-08,Neutral,5.4,3.8,HR
EMP012,2025-11-09 14:50:44.959016,2025-11-09,Neutral,5.7,3.8,Engineering
EMP012,2025-11-10 14:50:44.959016,2025-11-10,Tired,6.1,5.5,Sales
EMP012,2025-11-11 14:50:44.959016,2025-11-11,Neutral,5.4,5.4,Engineering
EMP012,2025-11-12 14:50:44.959016,2025-11-12,Tired,6.3,6.5,HR
EMP012,2025-11-13 14:50:44.959016,2025-11-13,Neutral,7.5,6.2,Operations
EMP012,2025-11-14 14:50:44.959016,2025-11-14,Tired,6.2,4.8,HR
EMP012,2025-11-15 14:50:44.959016,2025-11-15,Tired,6.3,7.4,Operations
EMP012,2025-11-16 14:50:44.959016,2025-11-16,Neutral,5.0,4.5,Operations
EMP012,2025-11-17 14:50:44.959016,2025-11-17,Calm,5.3,4.2,HR
EMP012,2025-11-18 14:50:44.959016,2025-11-18,Calm,5.0,5.3,HR
EMP012,2025-11-19 14:50:44.959016,2025-11-19,Tired,6.7,5.4,Sales
EMP012,2025-11-20 14:50:44.959016,2025-11-20,Tired,7.3,6.5,Operations
EMP012,2025-11-21 14:50:44.959016,2025-11-21,Tired,6.1,5.8,Marketing
EMP012,2025-11-22 14:50:44.959016,2025-11-22,Neutral,6.4,4.9,Sales
EMP012,2025-11-23 14:50:44.959016,2025-11-23,Neutral,5.9,7.2,HR
EMP012,2025-11-24 14:50:44.959016,2025-11-24,Neutral,5.2,5.0,Operations
EMP012,2025-11-25 14:50:44.959016,2025-11-25,Neutral,5.9,6.5,Marketing
EMP012,2025-11-26 14:50:44.959016,2025-11-26,Stressed,9.7,8.4,Sales
EMP012,2025-11-27 14:50:44.959016,2025-11-27,Tired,9.1,7.6,Sales
EMP012,2025-11-28 14:50:44.959016,2025-11-28,Tired,7.2,6.9,Operations
EMP012,2025-11-29 14:50:44.959016,2025-11-29,Tired,8.1,8.7,Engineering
EMP012,2025-11-30 14:50:44.959016,2025-11-30,Stressed,8.5,6.7,Sales
EMP012,2025-12-01 14:50:44.959016,2025-12-01,Calm,5.1,4.4,Engineering
EMP012,2025-12-02 14:50:44.959016,2025-12-02,Neutral,5.0,6.9,Sales
EMP012,2025-12-03 14:50:44.959016,2025-12-03,Tired,7.3,5.3,Sales
EMP012,2025-12-04 14:50:44.959016,2025-12-04,Tired,6.7,7.5,HR
EMP012,2025-12-05 14:50:44.959016,2025-12-05,Calm,5.5,3.6,Operations
EMP012,2025-12-06 14:50:44.959016,2025-12-06,Calm,6.0,7.1,Operations
EMP012,2025-12-07 14:50:44.959016,2025-12-07,Neutral,5.4,4.6,HR
EMP012,2025-12-08 14:50:44.959016,2025-12-08,Tired,6.0,4.9,Sales
EMP012,2025-12-09 14:50:44.959016,2025-12-09,Neutral,5.1,4.9,Operations
EMP012,2025-12-10 14:50:44.959016,2025-12-10,Stressed,8.1,7.8,Sales
EMP012,2025-12-11 14:50:44.959016,2025-12-11,Neutral,8.0,9.5,Marketing
EMP012,2025-12-12 14:50:44.959016,2025-12-12,Neutral,4.9,5.5,Marketing
EMP012,2025-12-13 14:50:44.959016,2025-12-13,Calm,5.5,6.8,Sales
EMP012,2025-12-14 14:50:44.959016,2025-12-14,Neutral,5.9,7.2,Sales
EMP012,2025-12-15 14:50:44.959016,2025-12-15,Calm,5.6,7.4,Sales
EMP012,2025-12-16 14:50:44.959016,2025-12-16,Calm,4.9,5.7,Sales
EMP012,2025-12-17 14:50:44.959016,2025-12-17,Neutral,7.6,7.3,Marketing
EMP012,2025-12-18 14:50:44.959016,2025-12-18,Neutral,6.9,7.8,Sales
EMP012,2025-12-19 14:50:44.959016,2025-12-19,Tired,6.7,4.9,Operations
EMP012,2025-12-20 14:50:44.959016,2025-12-20,Calm,4.9,3.7,Sales
EMP012,2025-12-21 14:50:44.959016,2025-12-21,Neutral,5.4,4.8,Engineering
EMP012,2025-12-22 14:50:44.959016,2025-12-22,Neutral,4.9,5.7,Marketing
EMP012,2025-12-23 14:50:44.959016,2025-12-23,Neutral,6.2,7.1,Sales
EMP012,2025-12-24 14:50:44.959016,2025-12-24,Stressed,8.2,9.1,Marketing
EMP012,2025-12-25 14:50:44.959016,2025-12-25,Stressed,8.3,7.7,Engineering
EMP012,2025-12-26 14:50:44.959016,2025-12-26,Neutral,7.6,7.1,Engineering
EMP012,2025-12-27 14:50:44.959016,2025-12-27,Stressed,8.7,7.4,Marketing
EMP012,2025-12-28 14:50:44.959016,2025-12-28,Tired,7.4,7.1,Operations
EMP012,2025-12-29 14:50:44.959016,2025-12-29,Tired,7.2,7.7,Engineering
EMP012,2025-12-30 14:50:44.959016,2025-12-30,Neutral,7.1,7.2,HR
EMP012,2025-12-31 14:50:44.959016,2025-12-31,Stressed,9.2,8.8,HR
EMP012,2026-01-01 14:50:44.959016,2026-01-01,Tired,6.7,7.8,Sales
EMP012,2026-01-02 14:50:44.959016,2026-01-02,Neutral,6.4,8.3,Operations
EMP012,2026-01-03 14:50:44.959016,2026-01-03,Neutral,5.2,5.1,HR
EMP012,2026-01-04 14:50:44.959016,2026-01-04,Neutral,6.0,4.6,Operations
EMP012,2026-01-05 14:50:44.959016,2026-01-05,Neutral,6.5,5.0,Marketing
EMP012,2026-01-06 14:50:44.959016,2026-01-06,Calm,5.0,5.9,Sales
EMP012,2026-01-07 14:50:44.959016,2026-01-07,Tired,6.8,6.3,HR
EMP012,2026-01-08 14:50:44.959016,2026-01-08,Tired,6.7,5.1,Engineering
EMP012,2026-01-09 14:50:44.959016,2026-01-09,Neutral,5.0,4.3,Marketing
EMP012,2026-01-10 14:50:44.959016,2026-01-10,Tired,6.6,5.2,Sales
EMP012,2026-01-11 14:50:44.959016,2026-01-11,Neutral,6.4,5.6,Marketing
EMP013,2025-10-14 14:50:44.959016,2025-10-14,Calm,5.1,3.3,Engineering
EMP013,2025-10-15 14:50:44.959016,2025-10-15,Neutral,6.3,6.7,Sales
EMP013,2025-10-16 14:50:44.959016,2025-10-16,Neutral,5.1,6.8,HR
EMP013,2025-10-17 14:50:44.959016,2025-10-17,Neutral,5.1,6.6,Sales
EMP013,2025-10-18 14:50:44.959016,2025-10-18,Calm,5.2,4.5,Operations
EMP013,2025-10-19 14:50:44.959016,2025-10-19,Happy,3.8,2.8,Sales
EMP013,2025-10-20 14:50:44.959016,2025-10-20,Happy,3.8,5.3,Operations
EMP013,2025-10-21 14:50:44.959016,2025-10-21,Calm,5.2,4.8,Operations
EMP013,2025-10-22 14:50:44.959016,2025-10-22,Tired,6.4,5.7,Engineering
EMP013,2025-10-23 14:50:44.959016,2025-10-23,Neutral,5.1,4.7,HR
EMP013,2025-10-24 14:50:44.959016,2025-10-24,Neutral,4.9,6.2,Sales
EMP013,2025-10-25 14:50:44.959016,2025-10-25,Calm,3.8,4.7,Operations
EMP013,2025-10-26 14:50:44.959016,2025-10-26,Tired,6.3,7.2,HR
EMP013,2025-10-27 14:50:44.959016,2025-10-27,Tired,7.4,8.4,HR
EMP013,2025-10-28 14:50:44.959016,2025-10-28,Neutral,7.2,6.5,Operations
EMP013,2025-10-29 14:50:44.959016,2025-10-29,Stressed,8.8,10.0,Engineering
EMP013,2025-10-30 14:50:44.959016,2025-10-30,Stressed,8.5,6.9,Operations
EMP013,2025-10-31 14:50:44.959016,2025-10-31,Neutral,6.3,4.6,Sales
EMP013,2025-11-01 14:50:44.959016,2025-11-01,Calm,3.5,5.3,Engineering
EMP013,2025-11-02 14:50:44.959016,2025-11-02,Neutral,4.1,5.8,Sales
EMP013,2025-11-03 14:50:44.959016,2025-11-03,Neutral,5.2,4.9,Sales
EMP013,2025-11-04 14:50:44.959016,2025-11-04,Neutral,4.5,4.2,Marketing
EMP013,2025-11-05 14:50:44.959016,2025-11-05,Tired,6.0,7.6,Sales
EMP013,2025-11-06 14:50:44.959016,2025-11-06,Tired,6.5,5.1,HR
EMP013,2025-11-07 14:50:44.959016,2025-11-07,Calm,4.6,5.4,Sales
EMP013,2025-11-08 14:50:44.959016,2025-11-08,Calm,5.2,6.9,Marketing
EMP013,2025-11-09 14:50:44.959016,2025-11-09,Calm,3.5,3.5,Marketing
EMP013,2025-11-10 14:50:44.959016,2025-11-10,Calm,5.2,6.8,HR
EMP013,2025-11-11 14:50:44.959016,2025-11-11,Calm,4.9,2.9,Marketing
EMP013,2025-11-12 14:50:44.959016,2025-11-12,Neutral,6.1,7.3,HR
EMP013,2025-11-13 14:50:44.959016,2025-11-13,Neutral,6.4,4.9,HR
EMP013,2025-11-14 14:50:44.959016,2025-11-14,Calm,4.0,5.6,Engineering
EMP013,2025-11-15 14:50:44.959016,2025-11-15,Neutral,4.1,4.5,HR
EMP013,2025-11-16 14:50:44.959016,2025-11-16,Calm,5.4,5.0,Engineering
EMP013,2025-11-17 14:50:44.959016,2025-11-17,Neutral,5.3,5.1,Marketing
EMP013,2025-11-18 14:50:44.959016,2025-11-18,Calm,5.4,4.7,Operations
EMP013,2025-11-19 14:50:44.959016,2025-11-19,Tired,6.1,7.3,Engineering
EMP013,2025-11-20 14:50:44.959016,2025-11-20,Calm,5.3,5.0,Marketing
EMP013,2025-11-21 14:50:44.959016,2025-11-21,Neutral,4.2,4.5,HR
EMP013,2025-11-22 14:50:44.959016,2025-11-22,Neutral,5.1,4.5,Engineering
EMP013,2025-11-23 14:50:44.959016,2025-11-23,Calm,4.4,4.9,HR
EMP013,2025-11-24 14:50:44.959016,2025-11-24,Calm,4.1,4.5,Sales
EMP013,2025-11-25 14:50:44.959016,2025-11-25,Calm,3.5,2.0,Engineering
EMP013,2025-11-26 14:50:44.959016,2025-11-26,Stressed,8.5,7.3,Engineering
EMP013,2025-11-27 14:50:44.959016,2025-11-27,Tired,7.4,7.3,HR
EMP013,2025-11-28 14:50:44.959016,2025-11-28,Tired,6.4,6.1,Sales
EMP013,2025-11-29 14:50:44.959016,2025-11-29,Tired,7.0,6.9,Sales
EMP013,2025-11-30 14:50:44.959016,2025-11-30,Calm,5.9,6.2,Sales
EMP013,2025-12-01 14:50:44.959016,2025-12-01,Neutral,4.2,5.2,Sales
EMP013,2025-12-02 14:50:44.959016,2025-12-02,Neutral,4.4,4.3,Operations
EMP013,2025-12-03 14:50:44.959016,2025-12-03,Neutral,6.9,7.6,Sales
EMP013,2025-12-04 14:50:44.959016,2025-12-04,Tired,6.7,5.8,HR
EMP013,2025-12-05 14:50:44.959016,2025-12-05,Calm,4.2,6.0,Marketing
EMP013,2025-12-06 14:50:44.959016,2025-12-06,Calm,4.0,3.2,Sales
EMP013,2025-12-07 14:50:44.959016,2025-12-07,Calm,4.9,3.9,Engineering
EMP013,2025-12-08 14:50:44.959016,2025-12-08,Calm,3.9,4.9,HR
EMP013,2025-12-09 14:50:44.959016,2025-12-09,Neutral,4.6,3.6,Engineering
EMP013,2025-12-10 14:50:44.959016,2025-12-10,Neutral,6.8,7.7,Sales
EMP013,2025-12-11 14:50:44.959016,2025-12-11,Neutral,5.0,6.7,Marketing
EMP013,2025-12-12 14:50:44.959016,2025-12-12,Neutral,4.6,5.7,Operations
EMP013,2025-12-13 14:50:44.959016,2025-12-13,Neutral,4.1,5.7,Sales
EMP013,2025-12-14 14:50:44.959016,2025-12-14,Calm,5.1,4.0,Marketing
EMP013,2025-12-15 14:50:44.959016,2025-12-15,Neutral,5.4,3.6,HR
EMP013,2025-12-16 14:50:44.959016,2025-12-16,Happy,3.9,3.1,Marketing
EMP013,2025-12-17 14:50:44.959016,2025-12-17,Calm,5.4,3.5,Engineering
EMP013,2025-12-18 14:50:44.959016,2025-12-18,Calm,5.6,4.2,Engineering
EMP013,2025-12-19 14:50:44.959016,2025-12-19,Calm,4.7,6.1,Marketing
EMP013,2025-12-20 14:50:44.959016,2025-12-20,Calm,3.5,3.6,Operations
EMP013,2025-12-21 14:50:44.959016,2025-12-21,Calm,5.1,6.5,Marketing
EMP013,2025-12-22 14:50:44.959016,2025-12-22,Calm,4.2,5.0,Engineering
EMP013,2025-12-23 14:50:44.959016,2025-12-23,Calm,4.4,2.6,Sales
EMP013,2025-12-24 14:50:44.959016,2025-12-24,Calm,5.1,5.1,Sales
EMP013,2025-12-25 14:50:44.959016,2025-12-25,Tired,6.3,7.5,Marketing
EMP013,2025-12-26 14:50:44.959016,2025-12-26,Neutral,6.4,6.9,Engineering
EMP013,2025-12-27 14:50:44.959016,2025-12-27,Tired,7.1,8.2,Sales
EMP013,2025-12-28 14:50:44.959016,2025-12-28,Tired,6.8,5.8,Sales
EMP013,2025-12-29 14:50:44.959016,2025-12-29,Tired,7.0,8.3,Engineering
EMP013,2025-12-30 14:50:44.959016,2025-12-30,Tired,7.1,5.7,Marketing
EMP013,2025-12-31 14:50:44.959016,2025-12-31,Tired,8.3,7.6,Engineering
EMP013,2026-01-01 14:50:44.959016,2026-01-01,Calm,5.7,6.3,Marketing
EMP013,2026-01-02 14:50:44.959016,2026-01-02,Neutral,4.5,4.5,Engineering
EMP013,2026-01-03 14:50:44.959016,2026-01-03,Neutral,4.5,2.6,Operations
EMP013,2026-01-04 14:50:44.959016,2026-01-04,Calm,5.1,3.8,Operations
EMP013,2026-01-05 14:50:44.959016,2026-01-05,Neutral,4.5,5.4,Marketing
EMP013,2026-01-06 14:50:44.959016,2026-01-06,Calm,3.5,4.2,Sales
EMP013,2026-01-07 14:50:44.959016,2026-01-07,Tired,6.1,4.4,Marketing
EMP013,2026-01-08 14:50:44.959016,2026-01-08,Neutral,5.9,3.9,Marketing
EMP013,2026-01-09 14:50:44.959016,2026-01-09,Calm,4.9,4.5,HR
EMP013,2026-01-10 14:50:44.959016,2026-01-10,Neutral,5.1,7.1,HR
EMP013,2026-01-11 14:50:44.959016,2026-01-11,Neutral,4.8,5.0,Sales
EMP014,2025-10-14 14:50:44.959016,2025-10-14,Neutral,5.8,5.4,Operations
EMP014,2025-10-15 14:50:44.959016,2025-10-15,Tired,7.5,6.6,Operations
EMP014,2025-10-16 14:50:44.959016,2025-10-16,Stressed,8.1,8.4,Marketing
EMP014,2025-10-17 14:50:44.959016,2025-10-17,Tired,7.1,6.0,Sales
EMP014,2025-10-18 14:50:44.959016,2025-10-18,Tired,6.6,4.9,HR
EMP014,2025-10-19 14:50:44.959016,2025-10-19,Neutral,6.8,7.8,Marketing
EMP014,2025-10-20 14:50:44.959016,2025-10-20,Tired,7.3,6.5,HR
EMP014,2025-10-21 14:50:44.959016,2025-10-21,Tired,6.3,7.6,Sales
EMP014,2025-10-22 14:50:44.959016,2025-10-22,Stressed,8.5,8.5,Marketing
EMP014,2025-10-23 14:50:44.959016,2025-10-23,Tired,8.9,7.9,Engineering
EMP014,2025-10-24 14:50:44.959016,2025-10-24,Tired,6.2,4.3,Marketing
EMP014,2025-10-25 14:50:44.959016,2025-10-25,Calm,5.7,4.9,Sales
EMP014,2025-10-26 14:50:44.959016,2025-10-26,Neutral,7.7,8.5,Engineering
EMP014,2025-10-27 14:50:44.959016,2025-10-27,Stressed,8.3,7.3,Marketing
EMP014,2025-10-28 14:50:44.959016,2025-10-28,Stressed,8.9,8.5,Operations
EMP014,2025-10-29 14:50:44.959016,2025-10-29,Stressed,10.0,8.1,Marketing
EMP014,2025-10-30 14:50:44.959016,2025-10-30,Stressed,10.0,10.0,HR
EMP014,2025-10-31 14:50:44.959016,2025-10-31,Tired,7.7,6.0,Sales
EMP014,2025-11-01 14:50:44.959016,2025-11-01,Neutral,6.3,6.3,Sales
EMP014,2025-11-02 14:50:44.959016,2025-11-02,Neutral,6.0,6.3,Sales
EMP014,2025-11-03 14:50:44.959016,2025-11-03,Tired,7.0,8.8,Engineering
EMP014,2025-11-04 14:50:44.959016,2025-11-04,Tired,6.5,6.7,HR
EMP014,2025-11-05 14:50:44.959016,2025-11-05,Tired,8.0,9.1,Marketing
EMP014,2025-11-06 14:50:44.959016,2025-11-06,Stressed,8.6,8.3,HR
EMP014,2025-11-07 14:50:44.959016,2025-11-07,Neutral,7.2,5.3,Sales
EMP014,2025-11-08 14:50:44.959016,2025-11-08,Tired,6.3,4.4,Marketing
EMP014,2025-11-09 14:50:44.959016,2025-11-09,Tired,7.3,7.9,Sales
EMP014,2025-11-10 14:50:44.959016,2025-11-10,Tired,7.2,7.5,Marketing
EMP014,2025-11-11 14:50:44.959016,2025-11-11,Calm,6.0,4.3,HR
EMP014,2025-11-12 14:50:44.959016,2025-11-12,Stressed,8.9,7.5,HR
EMP014,2025-11-13 14:50:44.959016,2025-11-13,Tired,7.7,8.0,Operations
EMP014,2025-11-14 14:50:44.959016,2025-11-14,Calm,5.9,6.6,Operations
EMP014,2025-11-15 14:50:44.959016,2025-11-15,Tired,7.2,7.5,Marketing
EMP014,2025-11-16 14:50:44.959016,2025-11-16,Tired,6.0,7.6,Marketing
EMP014,2025-11-17 14:50:44.959016,2025-11-17,Neutral,7.1,7.9,Operations
EMP014,2025-11-18 14:50:44.959016,2025-11-18,Tired,6.2,7.7,HR
EMP014,2025-11-19 14:50:44.959016,2025-11-19,Stressed,8.3,10.0,Engineering
EMP014,2025-11-20 14:50:44.959016,2025-11-20,Neutral,7.6,5.8,HR
EMP014,2025-11-21 14:50:44.959016,2025-11-21,Tired,7.0,6.0,HR
EMP014,2025-11-22 14:50:44.959016,2025-11-22,Tired,7.0,5.9,Marketing
EMP014,2025-11-23 14:50:44.959016,2025-11-23,Tired,6.8,6.7,HR
EMP014,2025-11-24 14:50:44.959016,2025-11-24,Neutral,7.6,8.0,HR
EMP014,2025-11-25 14:50:44.959016,2025-11-25,Neutral,7.6,7.3,Operations
EMP014,2025-11-26 14:50:44.959016,2025-11-26,Stressed,9.5,9.9,Marketing
EMP014,2025-11-27 14:50:44.959016,2025-11-27,Stressed,9.8,10.0,Operations
EMP014,2025-11-28 14:50:44.959016,2025-11-28,Stressed,9.2,9.2,Sales
EMP014,2025-11-29 14:50:44.959016,2025-11-29,Stressed,8.1,8.9,Marketing
EMP014,2025-11-30 14:50:44.959016,2025-11-30,Stressed,8.7,9.4,HR
EMP014,2025-12-01 14:50:44.959016,2025-12-01,Neutral,6.1,5.9,HR
EMP014,2025-12-02 14:50:44.959016,2025-12-02,Tired,7.0,5.7,Marketing
EMP014,2025-12-03 14:50:44.959016,2025-12-03,Neutral,7.9,8.4,Engineering
EMP014,2025-12-04 14:50:44.959016,2025-12-04,Tired,8.8,10.0,Sales
EMP014,2025-12-05 14:50:44.959016,2025-12-05,Tired,6.0,4.4,HR
EMP014,2025-12-06 14:50:44.959016,2025-12-06,Neutral,6.7,7.5,Engineering
EMP014,2025-12-07 14:50:44.959016,2025-12-07,Tired,7.3,6.8,Engineering
EMP014,2025-12-08 14:50:44.959016,2025-12-08,Neutral,6.9,8.5,HR
EMP014,2025-12-09 14:50:44.959016,2025-12-09,Tired,7.5,7.6,Marketing
EMP014,2025-12-10 14:50:44.959016,2025-12-10,Neutral,7.2,9.2,Sales
EMP014,2025-12-11 14:50:44.959016,2025-12-11,Tired,7.2,6.0,Operations
EMP014,2025-12-12 14:50:44.959016,2025-12-12,Neutral,6.4,7.9,Engineering
EMP014,2025-12-13 14:50:44.959016,2025-12-13,Tired,6.0,5.5,Operations
EMP014,2025-12-14 14:50:44.959016,2025-12-14,Tired,6.3,7.1,Sales
EMP014,2025-12-15 14:50:44.959016,2025-12-15,Calm,5.8,7.4,Sales
EMP014,2025-12-16 14:50:44.959016,2025-12-16,Tired,6.0,5.2,Engineering
EMP014,2025-12-17 14:50:44.959016,2025-12-17,Stressed,8.3,7.2,Marketing
EMP014,2025-12-18 14:50:44.959016,2025-12-18,Stressed,8.9,7.9,HR
EMP014,2025-12-19 14:50:44.959016,2025-12-19,Tired,7.2,5.7,Engineering
EMP014,2025-12-20 14:50:44.959016,2025-12-20,Neutral,7.4,8.8,Marketing
EMP014,2025-12-21 14:50:44.959016,2025-12-21,Neutral,5.9,6.7,Operations
EMP014,2025-12-22 14:50:44.959016,2025-12-22,Neutral,6.7,8.3,Marketing
EMP014,2025-12-23 14:50:44.959016,2025-12-23,Neutral,6.4,7.5,Operations
EMP014,2025-12-24 14:50:44.959016,2025-12-24,Tired,8.4,7.4,Marketing
EMP014,2025-12-25 14:50:44.959016,2025-12-25,Neutral,7.9,6.6,HR
EMP014,2025-12-26 14:50:44.959016,2025-12-26,Stressed,8.9,8.1,Sales
EMP014,2025-12-27 14:50:44.959016,2025-12-27,Stressed,8.6,8.2,Operations
EMP014,2025-12-28 14:50:44.959016,2025-12-28,Stressed,8.6,9.8,Engineering
EMP014,2025-12-29 14:50:44.959016,2025-12-29,Stressed,8.5,8.8,Sales
EMP014,2025-12-30 14:50:44.959016,2025-12-30,Stressed,9.5,7.9,Operations
EMP014,2025-12-31 14:50:44.959016,2025-12-31,Tired,10.0,10.0,Engineering
EMP014,2026-01-01 14:50:44.959016,2026-01-01,Neutral,7.2,9.2,HR
EMP014,2026-01-02 14:50:44.959016,2026-01-02,Neutral,7.0,6.1,Sales
EMP014,2026-01-03 14:50:44.959016,2026-01-03,Neutral,5.8,7.7,HR
EMP014,2026-01-04 14:50:44.959016,2026-01-04,Neutral,6.7,8.5,Engineering
EMP014,2026-01-05 14:50:44.959016,2026-01-05,Tired,6.7,7.1,Marketing
EMP014,2026-01-06 14:50:44.959016,2026-01-06,Calm,5.9,6.7,Engineering
EMP014,2026-01-07 14:50:44.959016,2026-01-07,Tired,7.8,9.6,Sales
EMP014,2026-01-08 14:50:44.959016,2026-01-08,Stressed,8.8,9.4,HR
EMP014,2026-01-09 14:50:44.959016,2026-01-09,Tired,6.0,4.9,Operations
EMP014,2026-01-10 14:50:44.959016,2026-01-10,Neutral,6.4,6.8,HR
EMP014,2026-01-11 14:50:44.959016,2026-01-11,Tired,7.0,5.2,HR
EMP015,2025-10-14 14:50:44.959016,2025-10-14,Tired,6.4,5.8,Sales
EMP015,2025-10-15 14:50:44.959016,2025-10-15,Neutral,7.6,8.9,Marketing
EMP015,2025-10-16 14:50:44.959016,2025-10-16,Tired,7.9,9.0,Marketing
EMP015,2025-10-17 14:50:44.959016,2025-10-17,Neutral,6.2,7.6,Sales
EMP015,2025-10-18 14:50:44.959016,2025-10-18,Calm,5.4,4.7,Marketing
EMP015,2025-10-19 14:50:44.959016,2025-10-19,Neutral,6.9,5.0,Operations
EMP015,2025-10-20 14:50:44.959016,2025-10-20,Neutral,5.6,6.8,Operations
EMP015,2025-10-21 14:50:44.959016,2025-10-21,Neutral,6.4,6.5,Marketing
EMP015,2025-10-22 14:50:44.959016,2025-10-22,Stressed,8.5,9.2,Operations
EMP015,2025-10-23 14:50:44.959016,2025-10-23,Tired,7.2,6.4,Operations
EMP015,2025-10-24 14:50:44.959016,2025-10-24,Neutral,6.8,8.2,Engineering
EMP015,2025-10-25 14:50:44.959016,2025-10-25,Neutral,5.5,5.6,Operations
EMP015,2025-10-26 14:50:44.959016,2025-10-26,Stressed,8.8,8.9,Engineering
EMP015,2025-10-27 14:50:44.959016,2025-10-27,Stressed,8.5,7.9,Sales
EMP015,2025-10-28 14:50:44.959016,2025-10-28,Stressed,9.0,7.4,Marketing
EMP015,2025-10-29 14:50:44.959016,2025-10-29,Stressed,9.2,9.4,Sales
EMP015,2025-10-30 14:50:44.959016,2025-10-30,Stressed,10.0,9.7,Engineering
EMP015,2025-10-31 14:50:44.959016,2025-10-31,Stressed,8.8,10.0,HR
EMP015,2025-11-01 14:50:44.959016,2025-11-01,Tired,6.0,7.1,HR
EMP015,2025-11-02 14:50:44.959016,2025-11-02,Tired,6.4,5.8,Sales
EMP015,2025-11-03 14:50:44.959016,2025-11-03,Tired,6.3,6.9,HR
EMP015,2025-11-04 14:50:44.959016,2025-11-04,Calm,6.0,6.9,HR
EMP015,2025-11-05 14:50:44.959016,2025-11-05,Tired,8.4,8.0,Sales
EMP015,2025-11-06 14:50:44.959016,2025-11-06,Stressed,8.1,9.3,HR
EMP015,2025-11-07 14:50:44.959016,2025-11-07,Tired,7.0,7.9,Marketing
EMP015,2025-11-08 14:50:44.959016,2025-11-08,Tired,6.6,7.6,Marketing
EMP015,2025-11-09 14:50:44.959016,2025-11-09,Neutral,5.9,7.0,Marketing
EMP015,2025-11-10 14:50:44.959016,2025-11-10,Calm,5.8,5.0,Sales
EMP015,2025-11-11 14:50:44.959016,2025-11-11,Tired,6.2,5.8,HR
EMP015,2025-11-12 14:50:44.959016,2025-11-12,Tired,7.5,7.6,Operations
EMP015,2025-11-13 14:50:44.959016,2025-11-13,Neutral,7.8,9.8,HR
EMP015,2025-11-14 14:50:44.959016,2025-11-14,Calm,5.4,5.6,Sales
EMP015,2025-11-15 14:50:44.959016,2025-11-15,Calm,5.4,5.2,Sales
EMP015,2025-11-16 14:50:44.959016,2025-11-16,Calm,5.9,7.5,Operations
EMP015,2025-11-17 14:50:44.959016,2025-11-17,Tired,6.3,4.8,Sales
EMP015,2025-11-18 14:50:44.959016,2025-11-18,Neutral,6.6,8.6,Sales
EMP015,2025-11-19 14:50:44.959016,2025-11-19,Stressed,8.7,8.5,Sales
EMP015,2025-11-20 14:50:44.959016,2025-11-20,Tired,8.9,8.4,Engineering
EMP015,2025-11-21 14:50:44.959016,2025-11-21,Neutral,6.3,5.4,Marketing
EMP015,2025-11-22 14:50:44.959016,2025-11-22,Tired,6.4,5.0,Operations
EMP015,2025-11-23 14:50:44.959016,2025-11-23,Tired,6.2,6.7,Engineering
EMP015,2025-11-24 14:50:44.959016,2025-11-24,Neutral,5.9,5.7,HR
EMP015,2025-11-25 14:50:44.959016,2025-11-25,Tired,6.5,6.0,Engineering
EMP015,2025-11-26 14:50:44.959016,2025-11-26,Stressed,8.9,8.6,Operations
EMP015,2025-11-27 14:50:44.959016,2025-11-27,Stressed,10.0,10.0,Sales
EMP015,2025-11-28 14:50:44.959016,2025-11-28,Tired,8.2,8.6,HR
EMP015,2025-11-29 14:50:44.959016,2025-11-29,Neutral,7.6,6.1,HR
EMP015,2025-11-30 14:50:44.959016,2025-11-30,Stressed,8.2,6.8,Sales
EMP015,2025-12-01 14:50:44.959016,2025-12-01,Neutral,6.8,5.6,Operations
EMP015,2025-12-02 14:50:44.959016,2025-12-02,Neutral,6.4,8.1,Operations
EMP015,2025-12-03 14:50:44.959016,2025-12-03,Stressed,8.8,7.7,Sales
EMP015,2025-12-04 14:50:44.959016,2025-12-04,Tired,7.3,7.9,Sales
EMP015,2025-12-05 14:50:44.959016,2025-12-05,Neutral,5.7,7.2,Marketing
EMP015,2025-12-06 14:50:44.959016,2025-12-06,Calm,5.5,5.3,HR
EMP015,2025-12-07 14:50:44.959016,2025-12-07,Neutral,5.8,7.7,Engineering
EMP015,2025-12-08 14:50:44.959016,2025-12-08,Tired,6.8,7.9,Sales
EMP015,2025-12-09 14:50:44.959016,2025-12-09,Tired,6.4,5.7,HR
EMP015,2025-12-10 14:50:44.959016,2025-12-10,Stressed,8.0,9.7,Engineering
EMP015,2025-12-11 14:50:44.959016,2025-12-11,Stressed,8.2,8.2,Operations
EMP015,2025-12-12 14:50:44.959016,2025-12-12,Neutral,6.0,6.5,Engineering
EMP015,2025-12-13 14:50:44.959016,2025-12-13,Tired,6.0,6.8,Marketing
EMP015,2025-12-14 14:50:44.959016,2025-12-14,Neutral,5.8,4.4,Marketing
EMP015,2025-12-15 14:50:44.959016,2025-12-15,Tired,7.1,6.8,Marketing
EMP015,2025-12-16 14:50:44.959016,2025-12-16,Neutral,6.6,7.1,Operations
EMP015,2025-12-17 14:50:44.959016,2025-12-17,Stressed,8.5,8.5,Sales
EMP015,2025-12-18 14:50:44.959016,2025-12-18,Neutral,7.9,6.4,Marketing
EMP015,2025-12-19 14:50:44.959016,2025-12-19,Tired,7.0,6.9,Engineering
EMP015,2025-12-20 14:50:44.959016,2025-12-20,Neutral,6.7,8.2,HR
EMP015,2025-12-21 14:50:44.959016,2025-12-21,Neutral,7.1,8.0,Operations
EMP015,2025-12-22 14:50:44.959016,2025-12-22,Neutral,7.3,6.5,Engineering
EMP015,2025-12-23 14:50:44.959016,2025-12-23,Tired,6.0,6.5,Operations
EMP015,2025-12-24 14:50:44.959016,2025-12-24,Tired,7.3,7.0,Sales
EMP015,2025-12-25 14:50:44.959016,2025-12-25,Stressed,8.6,6.7,Sales
EMP015,2025-12-26 14:50:44.959016,2025-12-26,Tired,8.8,8.8,Engineering
EMP015,2025-12-27 14:50:44.959016,2025-12-27,Stressed,8.7,10.0,Sales
EMP015,2025-12-28 14:50:44.959016,2025-12-28,Tired,7.7,8.4,Marketing
EMP015,2025-12-29 14:50:44.959016,2025-12-29,Stressed,8.2,9.1,Marketing
EMP015,2025-12-30 14:50:44.959016,2025-12-30,Tired,8.9,10.0,Engineering
EMP015,2025-12-31 14:50:44.959016,2025-12-31,Stressed,9.7,10.0,Marketing
EMP015,2026-01-01 14:50:44.959016,2026-01-01,Tired,7.8,9.7,Sales
EMP015,2026-01-02 14:50:44.959016,2026-01-02,Tired,6.6,5.4,Operations
EMP015,2026-01-03 14:50:44.959016,2026-01-03,Tired,6.2,4.8,Engineering
EMP015,2026-01-04 14:50:44.959016,2026-01-04,Neutral,6.4,6.4,Sales
EMP015,2026-01-05 14:50:44.959016,2026-01-05,Tired,6.9,6.3,Marketing
EMP015,2026-01-06 14:50:44.959016,2026-01-06,Tired,7.2,7.8,Engineering
EMP015,2026-01-07 14:50:44.959016,2026-01-07,Tired,8.8,9.2,Sales
EMP015,2026-01-08 14:50:44.959016,2026-01-08,Stressed,8.1,8.9,Marketing
EMP015,2026-01-09 14:50:44.959016,2026-01-09,Neutral,7.1,6.5,Sales
EMP015,2026-01-10 14:50:44.959016,2026-01-10,Tired,6.4,8.4,Operations
EMP015,2026-01-11 14:50:44.959016,2026-01-11,Tired,6.9,5.5,Sales
